last_name,first_name,middle_name,nickname,full_name,birthday,chamber,state,party,url,address,phone,contact_form
Brown,Sherrod,,,Sherrod Brown,1952-11-09,sen,OH,Democrat,https://www.brown.senate.gov,503 Hart Senate Office Building Washington DC 20510,202-224-2315,http://www.brown.senate.gov/contact/
Cantwell,Maria,,,Maria Cantwell,1958-10-13,sen,WA,Democrat,https://www.cantwell.senate.gov,511 Hart Senate Office Building Washington DC 20510,202-224-3441,http://www.cantwell.senate.gov/public/index.cfm/email-maria
Cardin,Benjamin,L.,,Benjamin L. Cardin,1943-10-05,sen,MD,Democrat,https://www.cardin.senate.gov,509 Hart Senate Office Building Washington DC 20510,202-224-4524,http://www.cardin.senate.gov/contact/
Carper,Thomas,Richard,,Thomas R. Carper,1947-01-23,sen,DE,Democrat,https://www.carper.senate.gov/public,513 Hart Senate Office Building Washington DC 20510,202-224-2441,http://www.carper.senate.gov/public/index.cfm/email-senator-carper
Casey,Robert,P.,Bob,"Robert P. Casey, Jr.",1960-04-13,sen,PA,Democrat,https://www.casey.senate.gov,393 Russell Senate Office Building Washington DC 20510,202-224-6324,https://www.casey.senate.gov/contact/
Feinstein,Dianne,,,Dianne Feinstein,1933-06-22,sen,CA,Democrat,https://www.feinstein.senate.gov,331 Hart Senate Office Building Washington DC 20510,202-224-3841,https://www.feinstein.senate.gov/public/index.cfm/e-mail-me
Klobuchar,Amy,Jean,,Amy Klobuchar,1960-05-25,sen,MN,Democrat,https://www.klobuchar.senate.gov,425 Dirksen Senate Office Building Washington DC 20510,202-224-3244,http://www.klobuchar.senate.gov/public/index.cfm/contact
Menendez,Robert,,Bob,Robert Menendez,1954-01-01,sen,NJ,Democrat,https://www.menendez.senate.gov,528 Hart Senate Office Building Washington DC 20510,202-224-4744,https://www.menendez.senate.gov/contact
Sanders,Bernard,,Bernie,Bernard Sanders,1941-09-08,sen,VT,Independent,https://www.sanders.senate.gov,332 Dirksen Senate Office Building Washington DC 20510,202-224-5141,http://www.sanders.senate.gov/contact/
Stabenow,Debbie,Ann,,Debbie Stabenow,1950-04-29,sen,MI,Democrat,https://www.stabenow.senate.gov,731 Hart Senate Office Building Washington DC 20510,202-224-4822,https://www.stabenow.senate.gov/contact
Tester,Jon,,,Jon Tester,1956-08-21,sen,MT,Democrat,https://www.tester.senate.gov,311 Hart Senate Office Building Washington DC 20510,202-224-2644,https://www.tester.senate.gov/?p=email_senator
Whitehouse,Sheldon,,,Sheldon Whitehouse,1955-10-20,sen,RI,Democrat,https://www.whitehouse.senate.gov,530 Hart Senate Office Building Washington DC 20510,202-224-2921,https://www.whitehouse.senate.gov/contact/email-sheldon
Barrasso,John,A.,,John Barrasso,1952-07-21,sen,WY,Republican,https://www.barrasso.senate.gov,307 Dirksen Senate Office Building Washington DC 20510,202-224-6441,https://www.barrasso.senate.gov/public/index.cfm/contact-form
Wicker,Roger,F.,,Roger F. Wicker,1951-07-05,sen,MS,Republican,https://www.wicker.senate.gov,555 Dirksen Senate Office Building Washington DC 20510,202-224-6253,https://www.wicker.senate.gov/public/index.cfm/contact
Collins,Susan,M.,,Susan M. Collins,1952-12-07,sen,ME,Republican,https://www.collins.senate.gov,413 Dirksen Senate Office Building Washington DC 20510,202-224-2523,http://www.collins.senate.gov/contact
Cornyn,John,,,John Cornyn,1952-02-02,sen,TX,Republican,https://www.cornyn.senate.gov,517 Hart Senate Office Building Washington DC 20510,202-224-2934,https://www.cornyn.senate.gov/contact
Durbin,Richard,J.,,Richard J. Durbin,1944-11-21,sen,IL,Democrat,https://www.durbin.senate.gov,711 Hart Senate Office Building Washington DC 20510,202-224-2152,https://www.durbin.senate.gov/contact/
Graham,Lindsey,O.,,Lindsey Graham,1955-07-09,sen,SC,Republican,https://www.lgraham.senate.gov/public,290 Russell Senate Office Building Washington DC 20510,202-224-5972,https://www.lgraham.senate.gov/public/index.cfm/e-mail-senator-graham
Inhofe,James,M.,Jim,James M. Inhofe,1934-11-17,sen,OK,Republican,https://www.inhofe.senate.gov,205 Russell Senate Office Building Washington DC 20510,202-224-4721,https://www.inhofe.senate.gov/contact
McConnell,Mitch,,,Mitch McConnell,1942-02-20,sen,KY,Republican,https://www.mcconnell.senate.gov,317 Russell Senate Office Building Washington DC 20510,202-224-2541,http://www.mcconnell.senate.gov/public/index.cfm?p=contact
Merkley,Jeff,,,Jeff Merkley,1956-10-24,sen,OR,Democrat,https://www.merkley.senate.gov,313 Hart Senate Office Building Washington DC 20510,202-224-3753,http://www.merkley.senate.gov/contact/
Reed,John,F.,Jack,Jack Reed,1949-11-12,sen,RI,Democrat,https://www.reed.senate.gov,728 Hart Senate Office Building Washington DC 20510,202-224-4642,https://www.reed.senate.gov/contact/
Risch,James,E.,,James E. Risch,1943-05-03,sen,ID,Republican,https://www.risch.senate.gov,483 Russell Senate Office Building Washington DC 20510,202-224-2752,http://www.risch.senate.gov/public/index.cfm?p=Email
Shaheen,Jeanne,,,Jeanne Shaheen,1947-01-28,sen,NH,Democrat,https://www.shaheen.senate.gov,506 Hart Senate Office Building Washington DC 20510,202-224-2841,https://www.shaheen.senate.gov/contact/contact-jeanne
Warner,Mark,R.,,Mark R. Warner,1954-12-15,sen,VA,Democrat,https://www.warner.senate.gov,703 Hart Senate Office Building Washington DC 20510,202-224-2023,http://www.warner.senate.gov/public/index.cfm?p=Contact
Gillibrand,Kirsten,E.,,Kirsten E. Gillibrand,1966-12-09,sen,NY,Democrat,https://www.gillibrand.senate.gov,478 Russell Senate Office Building Washington DC 20510,202-224-4451,https://www.gillibrand.senate.gov/contact/email-me
Coons,Christopher,Andrew,,Christopher A. Coons,1963-09-09,sen,DE,Democrat,https://www.coons.senate.gov,218 Russell Senate Office Building Washington DC 20510,202-224-5042,https://www.coons.senate.gov/contact
Manchin,Joe,,,"Joe Manchin, III",1947-08-24,sen,WV,Democrat,https://www.manchin.senate.gov,306 Hart Senate Office Building Washington DC 20510,202-224-3954,http://www.manchin.senate.gov/public/index.cfm/contact-form
Aderholt,Robert,B.,,Robert B. Aderholt,1965-07-22,rep,AL,Republican,https://aderholt.house.gov,266 Cannon House Office Building Washington DC 20515-0104,202-225-4876,
Baldwin,Tammy,,,Tammy Baldwin,1962-02-11,sen,WI,Democrat,https://www.baldwin.senate.gov,709 Hart Senate Office Building Washington DC 20510,202-224-5653,https://www.baldwin.senate.gov/feedback
Bass,Karen,,,Karen Bass,1953-10-03,rep,CA,Democrat,https://bass.house.gov,2021 Rayburn House Office Building Washington DC 20515-0537,202-225-7084,
Bennet,Michael,F.,,Michael F. Bennet,1964-11-28,sen,CO,Democrat,https://www.bennet.senate.gov/public,261 Russell Senate Office Building Washington DC 20510,202-224-5852,https://www.bennet.senate.gov/public/index.cfm/contact
Bilirakis,Gus,M.,,Gus M. Bilirakis,1963-02-08,rep,FL,Republican,https://bilirakis.house.gov,2354 Rayburn House Office Building Washington DC 20515-0912,202-225-5755,
Bishop,Sanford,D.,,"Sanford D. Bishop, Jr.",1947-02-04,rep,GA,Democrat,https://bishop.house.gov,2407 Rayburn House Office Building Washington DC 20515-1002,202-225-3631,
Blackburn,Marsha,W.,,Marsha Blackburn,1952-06-06,sen,TN,Republican,https://www.blackburn.senate.gov,357 Dirksen Senate Office Building Washington DC 20510,202-224-3344,https://www.blackburn.senate.gov/email-me
Blumenauer,Earl,,,Earl Blumenauer,1948-08-16,rep,OR,Democrat,https://blumenauer.house.gov,1111 Longworth House Office Building Washington DC 20515-3703,202-225-4811,
Blumenthal,Richard,,,Richard Blumenthal,1946-02-13,sen,CT,Democrat,https://www.blumenthal.senate.gov,706 Hart Senate Office Building Washington DC 20510,202-224-2823,https://www.blumenthal.senate.gov/contact/
Blunt,Roy,,,Roy Blunt,1950-01-10,sen,MO,Republican,https://www.blunt.senate.gov,260 Russell Senate Office Building Washington DC 20510,202-224-5721,https://www.blunt.senate.gov/public/index.cfm/contact-roy
Boozman,John,,,John Boozman,1950-12-10,sen,AR,Republican,https://www.boozman.senate.gov/public,141 Hart Senate Office Building Washington DC 20510,202-224-4843,https://www.boozman.senate.gov/public/index.cfm/contact
Brady,Kevin,P.,,Kevin Brady,1955-04-11,rep,TX,Republican,https://kevinbrady.house.gov,1011 Longworth House Office Building Washington DC 20515-4308,202-225-4901,
Brooks,Mo,,,Mo Brooks,1954-04-29,rep,AL,Republican,https://brooks.house.gov,2185 Rayburn House Office Building Washington DC 20515-0105,202-225-4801,
Buchanan,Vern,,,Vern Buchanan,1951-05-08,rep,FL,Republican,https://buchanan.house.gov,2110 Rayburn House Office Building Washington DC 20515-0916,202-225-5015,
Bucshon,Larry,,,Larry Bucshon,1962-05-31,rep,IN,Republican,https://bucshon.house.gov,2313 Rayburn House Office Building Washington DC 20515-1408,202-225-4636,
Burgess,Michael,C.,,Michael C. Burgess,1950-12-23,rep,TX,Republican,https://burgess.house.gov,2161 Rayburn House Office Building Washington DC 20515-4326,202-225-7772,
Burr,Richard,M.,,Richard Burr,1955-11-30,sen,NC,Republican,https://www.burr.senate.gov,217 Russell Senate Office Building Washington DC 20510,202-224-3154,https://www.burr.senate.gov/contact/email
Butterfield,George,Kenneth,G.K.,G. K. Butterfield,1947-04-27,rep,NC,Democrat,https://butterfield.house.gov,2080 Rayburn House Office Building Washington DC 20515-3301,202-225-3101,
Calvert,Ken,S.,,Ken Calvert,1953-06-08,rep,CA,Republican,https://calvert.house.gov,2205 Rayburn House Office Building Washington DC 20515-0542,202-225-1986,
Capito,Shelley,Moore,,Shelley Moore Capito,1953-11-26,sen,WV,Republican,https://www.capito.senate.gov,172 Russell Senate Office Building Washington DC 20510,202-224-6472,https://www.capito.senate.gov/contact/contact-shelley
Carson,André,,,André Carson,1974-10-16,rep,IN,Democrat,https://carson.house.gov,2135 Rayburn House Office Building Washington DC 20515-1407,202-225-4011,
Carter,John,R.,,John R. Carter,1941-11-06,rep,TX,Republican,https://carter.house.gov,2208 Rayburn House Office Building Washington DC 20515-4331,202-225-3864,
Cassidy,Bill,,,Bill Cassidy,1957-09-28,sen,LA,Republican,https://www.cassidy.senate.gov,520 Hart Senate Office Building Washington DC 20510,202-224-5824,https://www.cassidy.senate.gov/contact
Castor,Kathy,,,Kathy Castor,1966-08-20,rep,FL,Democrat,https://castor.house.gov,2052 Rayburn House Office Building Washington DC 20515-0914,202-225-3376,
Chabot,Steve,J.,,Steve Chabot,1953-01-22,rep,OH,Republican,https://chabot.house.gov,2408 Rayburn House Office Building Washington DC 20515-3501,202-225-2216,
Chu,Judy,M.,,Judy Chu,1953-07-07,rep,CA,Democrat,https://chu.house.gov,2423 Rayburn House Office Building Washington DC 20515-0527,202-225-5464,
Cicilline,David,N.,,David N. Cicilline,1961-07-15,rep,RI,Democrat,https://cicilline.house.gov,2233 Rayburn House Office Building Washington DC 20515-3901,202-225-4911,
Clarke,Yvette,D.,,Yvette D. Clarke,1964-11-21,rep,NY,Democrat,https://clarke.house.gov,2058 Rayburn House Office Building Washington DC 20515-3209,202-225-6231,
Cleaver,Emanuel,,,Emanuel Cleaver,1944-10-26,rep,MO,Democrat,https://cleaver.house.gov,2335 Rayburn House Office Building Washington DC 20515-2505,202-225-4535,
Clyburn,James,E.,Jim,James E. Clyburn,1940-07-21,rep,SC,Democrat,https://clyburn.house.gov,274 Cannon House Office Building Washington DC 20515-4006,202-225-3315,
Cohen,Steve,,,Steve Cohen,1949-05-24,rep,TN,Democrat,https://cohen.house.gov,2104 Rayburn House Office Building Washington DC 20515-4209,202-225-3265,
Cole,Tom,,,Tom Cole,1949-04-28,rep,OK,Republican,https://cole.house.gov,2207 Rayburn House Office Building Washington DC 20515-3604,202-225-6165,
Connolly,Gerald,E.,,Gerald E. Connolly,1950-03-30,rep,VA,Democrat,https://connolly.house.gov,2238 Rayburn House Office Building Washington DC 20515-4611,202-225-1492,
Cooper,Jim,,,Jim Cooper,1954-06-19,rep,TN,Democrat,https://cooper.house.gov,1536 Longworth House Office Building Washington DC 20515-4205,202-225-4311,
Costa,Jim,,,Jim Costa,1952-04-13,rep,CA,Democrat,https://costa.house.gov,2081 Rayburn House Office Building Washington DC 20515-0516,202-225-3341,
Courtney,Joe,,,Joe Courtney,1953-04-06,rep,CT,Democrat,https://courtney.house.gov,2449 Rayburn House Office Building Washington DC 20515-0702,202-225-2076,
Crapo,Michael,D.,Mike,Mike Crapo,1951-05-20,sen,ID,Republican,https://www.crapo.senate.gov,239 Dirksen Senate Office Building Washington DC 20510,202-224-6142,https://www.crapo.senate.gov/contact
Crawford,Eric,A.,Rick,"Eric A. ""Rick"" Crawford",1966-01-22,rep,AR,Republican,https://crawford.house.gov,2422 Rayburn House Office Building Washington DC 20515-0401,202-225-4076,
Cuellar,Henry,,,Henry Cuellar,1955-09-19,rep,TX,Democrat,https://cuellar.house.gov,2372 Rayburn House Office Building Washington DC 20515-4328,202-225-1640,
Davis,Danny,K.,,Danny K. Davis,1941-09-06,rep,IL,Democrat,https://davis.house.gov,2159 Rayburn House Office Building Washington DC 20515-1307,202-225-5006,
DeFazio,Peter,A.,,Peter A. DeFazio,1947-05-27,rep,OR,Democrat,https://defazio.house.gov,2134 Rayburn House Office Building Washington DC 20515-3704,202-225-6416,
DeGette,Diana,L.,,Diana DeGette,1957-07-29,rep,CO,Democrat,https://degette.house.gov,2111 Rayburn House Office Building Washington DC 20515-0601,202-225-4431,
DeLauro,Rosa,L.,,Rosa L. DeLauro,1943-03-02,rep,CT,Democrat,https://delauro.house.gov,2413 Rayburn House Office Building Washington DC 20515-0703,202-225-3661,
DesJarlais,Scott,,,Scott DesJarlais,1964-02-21,rep,TN,Republican,https://desjarlais.house.gov,2304 Rayburn House Office Building Washington DC 20515-4204,202-225-6831,
Deutch,Theodore,E.,Ted,Theodore E. Deutch,1966-05-07,rep,FL,Democrat,https://teddeutch.house.gov,2323 Rayburn House Office Building Washington DC 20515-0922,202-225-3001,
Diaz-Balart,Mario,,,Mario Diaz-Balart,1961-09-25,rep,FL,Republican,https://mariodiazbalart.house.gov,374 Cannon House Office Building Washington DC 20515-0925,202-225-4211,
Doggett,Lloyd,A.,,Lloyd Doggett,1946-10-06,rep,TX,Democrat,https://doggett.house.gov,2307 Rayburn House Office Building Washington DC 20515-4335,202-225-4865,
Doyle,Michael,F.,,Michael F. Doyle,1953-08-05,rep,PA,Democrat,https://doyle.house.gov,270 Cannon House Office Building Washington DC 20515-3818,202-225-2135,
Duncan,Jeff,,,Jeff Duncan,1966-01-07,rep,SC,Republican,https://jeffduncan.house.gov,2229 Rayburn House Office Building Washington DC 20515-4003,202-225-5301,
Eshoo,Anna,G.,,Anna G. Eshoo,1942-12-13,rep,CA,Democrat,https://eshoo.house.gov,272 Cannon House Office Building Washington DC 20515-0518,202-225-8104,
Fleischmann,Charles,J.,Chuck,"Charles J. ""Chuck"" Fleischmann",1962-10-11,rep,TN,Republican,https://fleischmann.house.gov,462 Cannon House Office Building Washington DC 20515-4203,202-225-3271,
Fortenberry,Jeff,Lane,,Jeff Fortenberry,1960-12-27,rep,NE,Republican,https://fortenberry.house.gov,1514 Longworth House Office Building Washington DC 20515-2701,202-225-4806,
Foxx,Virginia,,,Virginia Foxx,1943-06-29,rep,NC,Republican,https://foxx.house.gov,2462 Rayburn House Office Building Washington DC 20515-3305,202-225-2071,
Fudge,Marcia,L.,,Marcia L. Fudge,1952-10-29,rep,OH,Democrat,https://fudge.house.gov,2344 Rayburn House Office Building Washington DC 20515-3511,202-225-7032,
Garamendi,John,,,John Garamendi,1945-01-24,rep,CA,Democrat,https://garamendi.house.gov,2368 Rayburn House Office Building Washington DC 20515-0503,202-225-1880,
Gibbs,Bob,,,Bob Gibbs,1954-06-14,rep,OH,Republican,https://gibbs.house.gov,2217 Rayburn House Office Building Washington DC 20515-3507,202-225-6265,
Gohmert,Louie,B.,,Louie Gohmert,1953-08-18,rep,TX,Republican,https://gohmert.house.gov,2269 Rayburn House Office Building Washington DC 20515-4301,202-225-3035,
Gosar,Paul,A.,,Paul A. Gosar,1958-11-22,rep,AZ,Republican,https://gosar.house.gov,2057 Rayburn House Office Building Washington DC 20515-0304,202-225-2315,
Granger,Kay,,,Kay Granger,1943-01-18,rep,TX,Republican,https://kaygranger.house.gov,1026 Longworth House Office Building Washington DC 20515-4312,202-225-5071,
Grassley,Charles,E.,Chuck,Chuck Grassley,1933-09-17,sen,IA,Republican,https://www.grassley.senate.gov,135 Hart Senate Office Building Washington DC 20510,202-224-3744,http://www.grassley.senate.gov/contact
Graves,Sam,B.,,Sam Graves,1963-11-07,rep,MO,Republican,https://graves.house.gov,1135 Longworth House Office Building Washington DC 20515-2506,202-225-7041,
Green,Al,,,Al Green,1947-09-01,rep,TX,Democrat,https://algreen.house.gov,2347 Rayburn House Office Building Washington DC 20515-4309,202-225-7508,
Griffith,H.,Morgan,,H. Morgan Griffith,1958-03-15,rep,VA,Republican,https://morgangriffith.house.gov,2202 Rayburn House Office Building Washington DC 20515-4609,202-225-3861,
Grijalva,Raúl,M.,,Raúl M. Grijalva,1948-02-19,rep,AZ,Democrat,https://grijalva.house.gov,1511 Longworth House Office Building Washington DC 20515-0303,202-225-2435,
Guthrie,Brett,,,Brett Guthrie,1964-02-18,rep,KY,Republican,https://guthrie.house.gov,2434 Rayburn House Office Building Washington DC 20515-1702,202-225-3501,
Harris,Andy,,,Andy Harris,1957-01-25,rep,MD,Republican,https://harris.house.gov,2334 Rayburn House Office Building Washington DC 20515-2001,202-225-5311,
Hartzler,Vicky,,,Vicky Hartzler,1960-10-13,rep,MO,Republican,https://hartzler.house.gov,2235 Rayburn House Office Building Washington DC 20515-2504,202-225-2876,
Hastings,Alcee,L.,,Alcee L. Hastings,1936-09-05,rep,FL,Democrat,https://alceehastings.house.gov,2365 Rayburn House Office Building Washington DC 20515-0920,202-225-1313,
Heinrich,Martin,,,Martin Heinrich,1971-10-17,sen,NM,Democrat,https://www.heinrich.senate.gov,303 Hart Senate Office Building Washington DC 20510,202-224-5521,http://www.heinrich.senate.gov/contact
Herrera Beutler,Jaime,,,Jaime Herrera Beutler,1978-11-03,rep,WA,Republican,https://jhb.house.gov,2352 Rayburn House Office Building Washington DC 20515-4703,202-225-3536,
Higgins,Brian,M.,,Brian Higgins,1959-10-06,rep,NY,Democrat,https://higgins.house.gov,2459 Rayburn House Office Building Washington DC 20515-3226,202-225-3306,
Himes,James,A.,,James A. Himes,1966-07-05,rep,CT,Democrat,https://himes.house.gov,2137 Rayburn House Office Building Washington DC 20515-0704,202-225-5541,
Hirono,Mazie,K.,,Mazie K. Hirono,1947-11-03,sen,HI,Democrat,https://www.hirono.senate.gov,713 Hart Senate Office Building Washington DC 20510,202-224-6361,https://www.hirono.senate.gov/contact
Hoeven,John,,,John Hoeven,1957-03-13,sen,ND,Republican,https://www.hoeven.senate.gov,338 Russell Senate Office Building Washington DC 20510,202-224-2551,http://www.hoeven.senate.gov/public/index.cfm/email-the-senator
Hoyer,Steny,H.,,Steny H. Hoyer,1939-06-14,rep,MD,Democrat,https://hoyer.house.gov,1705 Longworth House Office Building Washington DC 20515-2005,202-225-4131,
Huizenga,Bill,,,Bill Huizenga,1969-01-31,rep,MI,Republican,https://huizenga.house.gov,2232 Rayburn House Office Building Washington DC 20515-2202,202-225-4401,
Jackson Lee,Sheila,,,Sheila Jackson Lee,1950-01-12,rep,TX,Democrat,https://jacksonlee.house.gov,2426 Rayburn House Office Building Washington DC 20515-4318,202-225-3816,
Johnson,Bill,,,Bill Johnson,1954-11-10,rep,OH,Republican,https://billjohnson.house.gov,2336 Rayburn House Office Building Washington DC 20515-3506,202-225-5705,
Johnson,Eddie,Bernice,,Eddie Bernice Johnson,1935-12-03,rep,TX,Democrat,https://ebjohnson.house.gov,2306 Rayburn House Office Building Washington DC 20515-4330,202-225-8885,
Johnson,Henry,C.,Hank,"Henry C. ""Hank"" Johnson, Jr.",1954-10-02,rep,GA,Democrat,https://hankjohnson.house.gov,2240 Rayburn House Office Building Washington DC 20515-1004,202-225-1605,
Johnson,Ron,,,Ron Johnson,1955-04-08,sen,WI,Republican,https://www.ronjohnson.senate.gov,328 Hart Senate Office Building Washington DC 20510,202-224-5323,https://www.ronjohnson.senate.gov/public/index.cfm/email-the-senator
Jordan,Jim,,,Jim Jordan,1964-02-17,rep,OH,Republican,https://jordan.house.gov,2056 Rayburn House Office Building Washington DC 20515-3504,202-225-2676,
Kaptur,Marcy,,,Marcy Kaptur,1946-06-17,rep,OH,Democrat,https://kaptur.house.gov,2186 Rayburn House Office Building Washington DC 20515-3509,202-225-4146,
Keating,William,R.,,William R. Keating,1952-09-06,rep,MA,Democrat,https://keating.house.gov,2351 Rayburn House Office Building Washington DC 20515-2109,202-225-3111,
Kelly,Mike,,,Mike Kelly,1948-05-10,rep,PA,Republican,https://kelly.house.gov,1707 Longworth House Office Building Washington DC 20515-3816,202-225-5406,
Kind,Ron,James,,Ron Kind,1963-03-16,rep,WI,Democrat,https://kind.house.gov,1502 Longworth House Office Building Washington DC 20515-4903,202-225-5506,
Kinzinger,Adam,,,Adam Kinzinger,1978-02-27,rep,IL,Republican,https://kinzinger.house.gov,2245 Rayburn House Office Building Washington DC 20515-1316,202-225-3635,
Lamborn,Doug,,,Doug Lamborn,1954-05-24,rep,CO,Republican,https://lamborn.house.gov,2371 Rayburn House Office Building Washington DC 20515-0605,202-225-4422,
Langevin,James,R.,Jim,James R. Langevin,1964-04-22,rep,RI,Democrat,https://langevin.house.gov,2077 Rayburn House Office Building Washington DC 20515-3902,202-225-2735,
Lankford,James,,,James Lankford,1968-03-04,sen,OK,Republican,https://www.lankford.senate.gov,316 Hart Senate Office Building Washington DC 20510,202-224-5754,http://www.lankford.senate.gov/contact/email
Larsen,Rick,,,Rick Larsen,1965-06-15,rep,WA,Democrat,https://larsen.house.gov,2163 Rayburn House Office Building Washington DC 20515-4702,202-225-2605,
Larson,John,B.,,John B. Larson,1948-07-22,rep,CT,Democrat,https://larson.house.gov,1501 Longworth House Office Building Washington DC 20515-0701,202-225-2265,
Latta,Robert,E.,,Robert E. Latta,1956-04-18,rep,OH,Republican,https://latta.house.gov,2467 Rayburn House Office Building Washington DC 20515-3505,202-225-6405,
Leahy,Patrick,J.,,Patrick J. Leahy,1940-03-31,sen,VT,Democrat,https://www.leahy.senate.gov,437 Russell Senate Office Building Washington DC 20510,202-224-4242,https://www.leahy.senate.gov/contact/
Lee,Barbara,,,Barbara Lee,1946-07-16,rep,CA,Democrat,https://lee.house.gov,2470 Rayburn House Office Building Washington DC 20515-0513,202-225-2661,
Lee,Mike,,,Mike Lee,1971-06-04,sen,UT,Republican,https://www.lee.senate.gov/public,361A Russell Senate Office Building Washington DC 20510,202-224-5444,https://www.lee.senate.gov/public/index.cfm/contact
Lofgren,Zoe,,,Zoe Lofgren,1947-12-21,rep,CA,Democrat,https://lofgren.house.gov,1401 Longworth House Office Building Washington DC 20515-0519,202-225-3072,
Long,Billy,,,Billy Long,1955-08-11,rep,MO,Republican,https://long.house.gov,2454 Rayburn House Office Building Washington DC 20515-2507,202-225-6536,
Lucas,Frank,D.,,Frank D. Lucas,1960-01-06,rep,OK,Republican,https://lucas.house.gov,2405 Rayburn House Office Building Washington DC 20515-3603,202-225-5565,
Luetkemeyer,Blaine,,,Blaine Luetkemeyer,1952-05-07,rep,MO,Republican,https://luetkemeyer.house.gov,2230 Rayburn House Office Building Washington DC 20515-2503,202-225-2956,
Luján,Ben,Ray,,Ben Ray Luján,1972-06-07,sen,NM,Democrat,https://www.lujan.senate.gov,B40C Dirksen Senate Office Building Washington DC 20510,202-224-6621,https://www.lujan.senate.gov
Lynch,Stephen,F.,,Stephen F. Lynch,1955-03-31,rep,MA,Democrat,https://lynch.house.gov,2109 Rayburn House Office Building Washington DC 20515-2108,202-225-8273,
Maloney,Carolyn,B.,,Carolyn B. Maloney,1946-02-19,rep,NY,Democrat,https://maloney.house.gov,2308 Rayburn House Office Building Washington DC 20515-3212,202-225-7944,
Markey,Edward,J.,Ed,Edward J. Markey,1946-07-11,sen,MA,Democrat,https://www.markey.senate.gov,255 Dirksen Senate Office Building Washington DC 20510,202-224-2742,https://www.markey.senate.gov/contact
Matsui,Doris,O.,,Doris O. Matsui,1944-09-25,rep,CA,Democrat,https://matsui.house.gov,2311 Rayburn House Office Building Washington DC 20515-0506,202-225-7163,
McCarthy,Kevin,,,Kevin McCarthy,1965-01-26,rep,CA,Republican,https://kevinmccarthy.house.gov,2468 Rayburn House Office Building Washington DC 20515-0523,202-225-2915,
McCaul,Michael,T.,,Michael T. McCaul,1962-01-14,rep,TX,Republican,https://mccaul.house.gov,2001 Rayburn House Office Building Washington DC 20515-4310,202-225-2401,
McClintock,Tom,,,Tom McClintock,1956-07-10,rep,CA,Republican,https://mcclintock.house.gov,2312 Rayburn House Office Building Washington DC 20515-0504,202-225-2511,
McCollum,Betty,Louise,,Betty McCollum,1954-07-12,rep,MN,Democrat,https://mccollum.house.gov,2256 Rayburn House Office Building Washington DC 20515-2304,202-225-6631,
McGovern,James,P.,Jim,James P. McGovern,1959-11-20,rep,MA,Democrat,https://mcgovern.house.gov,370 Cannon House Office Building Washington DC 20515-2102,202-225-6101,
McHenry,Patrick,T.,,Patrick T. McHenry,1975-10-22,rep,NC,Republican,https://mchenry.house.gov,2004 Rayburn House Office Building Washington DC 20515-3310,202-225-2576,
McKinley,David,B.,,David B. McKinley,1947-03-28,rep,WV,Republican,https://mckinley.house.gov,2239 Rayburn House Office Building Washington DC 20515-4801,202-225-4172,
Rodgers,Cathy,McMorris,,Cathy McMorris Rodgers,1969-05-22,rep,WA,Republican,https://mcmorris.house.gov,1035 Longworth House Office Building Washington DC 20515-4705,202-225-2006,
McNerney,Jerry,,,Jerry McNerney,1951-06-18,rep,CA,Democrat,https://mcnerney.house.gov,2265 Rayburn House Office Building Washington DC 20515-0509,202-225-1947,
Meeks,Gregory,W.,,Gregory W. Meeks,1953-09-25,rep,NY,Democrat,https://meeks.house.gov,2310 Rayburn House Office Building Washington DC 20515-3205,202-225-3461,
Moore,Gwen,,,Gwen Moore,1951-04-18,rep,WI,Democrat,https://gwenmoore.house.gov,2252 Rayburn House Office Building Washington DC 20515-4904,202-225-4572,
Moran,Jerry,,,Jerry Moran,1954-05-29,sen,KS,Republican,https://www.moran.senate.gov,521 Dirksen Senate Office Building Washington DC 20510,202-224-6521,https://www.moran.senate.gov/public/index.cfm/e-mail-jerry
Murkowski,Lisa,A.,,Lisa Murkowski,1957-05-22,sen,AK,Republican,https://www.murkowski.senate.gov,522 Hart Senate Office Building Washington DC 20510,202-224-6665,https://www.murkowski.senate.gov/public/index.cfm/contact
Murphy,Christopher,S.,,Christopher Murphy,1973-08-03,sen,CT,Democrat,https://www.murphy.senate.gov,136 Hart Senate Office Building Washington DC 20510,202-224-4041,http://www.murphy.senate.gov/contact
Murray,Patty,,,Patty Murray,1950-10-11,sen,WA,Democrat,https://www.murray.senate.gov/public,154 Russell Senate Office Building Washington DC 20510,202-224-2621,http://www.murray.senate.gov/public/index.cfm/contactme
Nadler,Jerrold,L.,,Jerrold Nadler,1947-06-13,rep,NY,Democrat,https://nadler.house.gov,2132 Rayburn House Office Building Washington DC 20515-3210,202-225-5635,
Napolitano,Grace,F.,,Grace F. Napolitano,1936-12-04,rep,CA,Democrat,https://napolitano.house.gov,1610 Longworth House Office Building Washington DC 20515-0532,202-225-5256,
Neal,Richard,E.,,Richard E. Neal,1949-02-14,rep,MA,Democrat,https://neal.house.gov,372 Cannon House Office Building Washington DC 20515-2101,202-225-5601,
Norton,Eleanor,Holmes,,Eleanor Holmes Norton,1937-06-13,rep,DC,Democrat,https://norton.house.gov,2136 Rayburn House Office Building Washington DC 20515-5101,202-225-8050,
Nunes,Devin,G.,,Devin Nunes,1973-10-01,rep,CA,Republican,https://nunes.house.gov,1013 Longworth House Office Building Washington DC 20515-0522,202-225-2523,
Palazzo,Steven,M.,,Steven M. Palazzo,1970-02-21,rep,MS,Republican,https://palazzo.house.gov,2349 Rayburn House Office Building Washington DC 20515-2404,202-225-5772,
Pallone,Frank,J.,,"Frank Pallone, Jr.",1951-10-30,rep,NJ,Democrat,https://pallone.house.gov,2107 Rayburn House Office Building Washington DC 20515-3006,202-225-4671,
Pascrell,Bill,J.,,"Bill Pascrell, Jr.",1937-01-25,rep,NJ,Democrat,https://pascrell.house.gov,2409 Rayburn House Office Building Washington DC 20515-3009,202-225-5751,
Paul,Rand,,,Rand Paul,1963-01-07,sen,KY,Republican,https://www.paul.senate.gov,167 Russell Senate Office Building Washington DC 20510,202-224-4343,https://www.paul.senate.gov/connect/email-rand
Pelosi,Nancy,,,Nancy Pelosi,1940-03-26,rep,CA,Democrat,https://pelosi.house.gov,1236 Longworth House Office Building Washington DC 20515-0512,202-225-4965,
Perlmutter,Ed,,,Ed Perlmutter,1953-05-01,rep,CO,Democrat,https://perlmutter.house.gov,1226 Longworth House Office Building Washington DC 20515-0607,202-225-2645,
Peters,Gary,C.,,Gary C. Peters,1958-12-01,sen,MI,Democrat,https://www.peters.senate.gov,724 Hart Senate Office Building Washington DC 20510,202-224-6221,https://www.peters.senate.gov/contact/email-gary
Pingree,Chellie,,,Chellie Pingree,1955-04-02,rep,ME,Democrat,https://pingree.house.gov,2162 Rayburn House Office Building Washington DC 20515-1901,202-225-6116,
Portman,Robert,J.,Rob,Rob Portman,1955-12-19,sen,OH,Republican,https://www.portman.senate.gov,448 Russell Senate Office Building Washington DC 20510,202-224-3353,https://www.portman.senate.gov/public/index.cfm/contact?p=contact-form
Posey,Bill,,,Bill Posey,1947-12-18,rep,FL,Republican,https://posey.house.gov,2150 Rayburn House Office Building Washington DC 20515-0908,202-225-3671,
Price,David,E.,,David E. Price,1940-08-17,rep,NC,Democrat,https://price.house.gov,2108 Rayburn House Office Building Washington DC 20515-3304,202-225-1784,
Quigley,Mike,,,Mike Quigley,1958-10-17,rep,IL,Democrat,https://quigley.house.gov,2078 Rayburn House Office Building Washington DC 20515-1305,202-225-4061,
Reed,Tom,W.,,Tom Reed,1971-11-18,rep,NY,Republican,https://reed.house.gov,1203 Longworth House Office Building Washington DC 20515-3223,202-225-3161,
Rogers,Harold,,Hal,Harold Rogers,1937-12-31,rep,KY,Republican,https://halrogers.house.gov,2406 Rayburn House Office Building Washington DC 20515-1705,202-225-4601,
Rogers,Mike,,,Mike Rogers,1958-07-16,rep,AL,Republican,https://mikerogers.house.gov,2469 Rayburn House Office Building Washington DC 20515-0103,202-225-3261,
Roybal-Allard,Lucille,,,Lucille Roybal-Allard,1941-06-12,rep,CA,Democrat,https://roybal-allard.house.gov,2083 Rayburn House Office Building Washington DC 20515-0540,202-225-1766,
Rubio,Marco,,,Marco Rubio,1971-05-28,sen,FL,Republican,https://www.rubio.senate.gov,284 Russell Senate Office Building Washington DC 20510,202-224-3041,http://www.rubio.senate.gov/public/index.cfm/contact
Ruppersberger,C.,A. Dutch,,C. A. Dutch Ruppersberger,1946-01-31,rep,MD,Democrat,https://ruppersberger.house.gov,2206 Rayburn House Office Building Washington DC 20515-2002,202-225-3061,
Rush,Bobby,L.,,Bobby L. Rush,1946-11-23,rep,IL,Democrat,https://rush.house.gov,2188 Rayburn House Office Building Washington DC 20515-1301,202-225-4372,
Ryan,Tim,J.,,Tim Ryan,1973-07-16,rep,OH,Democrat,https://timryan.house.gov,1126 Longworth House Office Building Washington DC 20515-3513,202-225-5261,
Sablan,Gregorio,Kilili Camacho,,Gregorio Kilili Camacho Sablan,1955-01-19,rep,MP,Democrat,https://sablan.house.gov,2267 Rayburn House Office Building Washington DC 20515-5201,202-225-2646,
Sarbanes,John,P.,,John P. Sarbanes,1962-05-22,rep,MD,Democrat,https://sarbanes.house.gov,2370 Rayburn House Office Building Washington DC 20515-2003,202-225-4016,
Scalise,Steve,Joseph,,Steve Scalise,1965-10-06,rep,LA,Republican,https://scalise.house.gov,2049 Rayburn House Office Building Washington DC 20515-1801,202-225-3015,
Schakowsky,Janice,D.,Jan,Janice D. Schakowsky,1944-05-26,rep,IL,Democrat,https://schakowsky.house.gov,2367 Rayburn House Office Building Washington DC 20515-1309,202-225-2111,
Schiff,Adam,B.,,Adam B. Schiff,1960-06-22,rep,CA,Democrat,https://schiff.house.gov,2309 Rayburn House Office Building Washington DC 20515-0528,202-225-4176,
Schrader,Kurt,,,Kurt Schrader,1951-10-19,rep,OR,Democrat,https://schrader.house.gov,2431 Rayburn House Office Building Washington DC 20515-3705,202-225-5711,
Schumer,Charles,E.,Chuck,Charles E. Schumer,1950-11-23,sen,NY,Democrat,https://www.schumer.senate.gov,322 Hart Senate Office Building Washington DC 20510,202-224-6542,https://www.schumer.senate.gov/contact/email-chuck
Schweikert,David,,,David Schweikert,1962-03-03,rep,AZ,Republican,https://schweikert.house.gov,304 Cannon House Office Building Washington DC 20515-0306,202-225-2190,
Scott,Austin,,,Austin Scott,1969-12-10,rep,GA,Republican,https://austinscott.house.gov,2417 Rayburn House Office Building Washington DC 20515-1008,202-225-6531,
Scott,David,,,David Scott,1945-06-27,rep,GA,Democrat,https://davidscott.house.gov,468 Cannon House Office Building Washington DC 20515-1013,202-225-2939,
Scott,Robert,C.,Bobby,"Robert C. ""Bobby"" Scott",1947-04-30,rep,VA,Democrat,https://bobbyscott.house.gov,2328 Rayburn House Office Building Washington DC 20515-4603,202-225-8351,
Scott,Tim,,,Tim Scott,1965-09-19,sen,SC,Republican,https://www.scott.senate.gov,104 Hart Senate Office Building Washington DC 20510,202-224-6121,https://www.scott.senate.gov/contact/email-me
Sewell,Terri,A.,,Terri Sewell,1965-01-01,rep,AL,Democrat,https://sewell.house.gov,2201 Rayburn House Office Building Washington DC 20515-0107,202-225-2665,
Shelby,Richard,C.,,Richard C. Shelby,1934-05-06,sen,AL,Republican,https://www.shelby.senate.gov,304 Russell Senate Office Building Washington DC 20510,202-224-5744,https://www.shelby.senate.gov/public/index.cfm/emailsenatorshelby
Sherman,Brad,J.,,Brad Sherman,1954-10-24,rep,CA,Democrat,https://sherman.house.gov,2181 Rayburn House Office Building Washington DC 20515-0530,202-225-5911,
Simpson,Michael,K.,Mike,Michael K. Simpson,1950-09-08,rep,ID,Republican,https://simpson.house.gov,2084 Rayburn House Office Building Washington DC 20515-1202,202-225-5531,
Sires,Albio,,,Albio Sires,1951-01-26,rep,NJ,Democrat,https://sires.house.gov,2268 Rayburn House Office Building Washington DC 20515-3008,202-225-7919,
Smith,Adam,,,Adam Smith,1965-06-15,rep,WA,Democrat,https://adamsmith.house.gov,2264 Rayburn House Office Building Washington DC 20515-4709,202-225-8901,
Smith,Adrian,,,Adrian Smith,1970-12-19,rep,NE,Republican,https://adriansmith.house.gov,502 Cannon House Office Building Washington DC 20515-2703,202-225-6435,
Smith,Christopher,H.,Chris,Christopher H. Smith,1953-03-04,rep,NJ,Republican,https://chrissmith.house.gov,2373 Rayburn House Office Building Washington DC 20515-3004,202-225-3765,
Speier,Jackie,,,Jackie Speier,1950-05-14,rep,CA,Democrat,https://speier.house.gov,2465 Rayburn House Office Building Washington DC 20515-0514,202-225-3531,
Stivers,Steve,,,Steve Stivers,1965-03-24,rep,OH,Republican,https://stivers.house.gov,2234 Rayburn House Office Building Washington DC 20515-3515,202-225-2015,
Sánchez,Linda,T.,,Linda T. Sánchez,1969-01-28,rep,CA,Democrat,https://lindasanchez.house.gov,2329 Rayburn House Office Building Washington DC 20515-0538,202-225-6676,
Thompson,Bennie,G.,,Bennie G. Thompson,1948-01-28,rep,MS,Democrat,https://benniethompson.house.gov,2466 Rayburn House Office Building Washington DC 20515-2402,202-225-5876,
Thompson,Mike,Michael,,Mike Thompson,1951-01-24,rep,CA,Democrat,https://mikethompson.house.gov,268 Cannon House Office Building Washington DC 20515-0505,202-225-3311,
Thompson,Glenn,,,Glenn Thompson,1959-07-27,rep,PA,Republican,https://thompson.house.gov,400 Cannon House Office Building Washington DC 20515-3815,202-225-5121,
Thune,John,,,John Thune,1961-01-07,sen,SD,Republican,https://www.thune.senate.gov,511 Dirksen Senate Office Building Washington DC 20510,202-224-2321,http://www.thune.senate.gov/public/index.cfm/contact
Tonko,Paul,,,Paul Tonko,1949-06-18,rep,NY,Democrat,https://tonko.house.gov,2369 Rayburn House Office Building Washington DC 20515-3220,202-225-5076,
Toomey,Patrick,J.,Pat,Patrick J. Toomey,1961-11-17,sen,PA,Republican,https://www.toomey.senate.gov,248 Russell Senate Office Building Washington DC 20510,202-224-4254,https://www.toomey.senate.gov/?p=contact
Turner,Michael,R.,,Michael R. Turner,1960-01-11,rep,OH,Republican,https://turner.house.gov,2082 Rayburn House Office Building Washington DC 20515-3510,202-225-6465,
Upton,Fred,Stephen,,Fred Upton,1953-04-23,rep,MI,Republican,https://upton.house.gov,2183 Rayburn House Office Building Washington DC 20515-2206,202-225-3761,
Van Hollen,Chris,,,Chris Van Hollen,1959-01-10,sen,MD,Democrat,https://www.vanhollen.senate.gov,110 Hart Senate Office Building Washington DC 20510,202-224-4654,http://www.vanhollen.senate.gov/contact/email
Velázquez,Nydia,M.,,Nydia M. Velázquez,1953-03-28,rep,NY,Democrat,https://velazquez.house.gov,2302 Rayburn House Office Building Washington DC 20515-3207,202-225-2361,
Walberg,Tim,,,Tim Walberg,1951-04-12,rep,MI,Republican,https://walberg.house.gov,2266 Rayburn House Office Building Washington DC 20515-2207,202-225-6276,
Wasserman Schultz,Debbie,,,Debbie Wasserman Schultz,1966-09-27,rep,FL,Democrat,https://wassermanschultz.house.gov,1114 Longworth House Office Building Washington DC 20515-0923,202-225-7931,
Waters,Maxine,,,Maxine Waters,1938-08-15,rep,CA,Democrat,https://waters.house.gov,2221 Rayburn House Office Building Washington DC 20515-0543,202-225-2201,
Webster,Daniel,,,Daniel Webster,1949-04-27,rep,FL,Republican,https://webster.house.gov,2184 Rayburn House Office Building Washington DC 20515-0911,202-225-1002,
Welch,Peter,,,Peter Welch,1947-05-02,rep,VT,Democrat,https://welch.house.gov,2187 Rayburn House Office Building Washington DC 20515-4500,202-225-4115,
Wilson,Joe,G.,,Joe Wilson,1947-07-31,rep,SC,Republican,https://joewilson.house.gov,1436 Longworth House Office Building Washington DC 20515-4002,202-225-2452,
Wilson,Frederica,S.,,Frederica S. Wilson,1942-11-05,rep,FL,Democrat,https://wilson.house.gov,2445 Rayburn House Office Building Washington DC 20515-0924,202-225-4506,
Wittman,Robert,J.,,Robert J. Wittman,1959-02-03,rep,VA,Republican,https://wittman.house.gov,2055 Rayburn House Office Building Washington DC 20515-4601,202-225-4261,
Womack,Steve,,,Steve Womack,1957-02-18,rep,AR,Republican,https://womack.house.gov,2412 Rayburn House Office Building Washington DC 20515-0403,202-225-4301,
Wyden,Ron,,,Ron Wyden,1949-05-03,sen,OR,Democrat,https://www.wyden.senate.gov,221 Dirksen Senate Office Building Washington DC 20510,202-224-5244,https://www.wyden.senate.gov/contact/
Yarmuth,John,A.,,John A. Yarmuth,1947-11-04,rep,KY,Democrat,https://yarmuth.house.gov,402 Cannon House Office Building Washington DC 20515-1703,202-225-5401,
Young,Don,E.,,Don Young,1933-06-09,rep,AK,Republican,https://donyoung.house.gov,2314 Rayburn House Office Building Washington DC 20515-0200,202-225-5765,
Young,Todd,C.,,Todd Young,1972-08-24,sen,IN,Republican,https://www.young.senate.gov,185 Dirksen Senate Office Building Washington DC 20510,202-224-5623,https://www.young.senate.gov/contact
Amodei,Mark,E.,,Mark E. Amodei,1958-06-12,rep,NV,Republican,https://amodei.house.gov,104 Cannon House Office Building Washington DC 20515-2802,202-225-6155,
Bonamici,Suzanne,,,Suzanne Bonamici,1954-10-14,rep,OR,Democrat,https://bonamici.house.gov,2231 Rayburn House Office Building Washington DC 20515-3701,202-225-0855,
DelBene,Suzan,K.,,Suzan K. DelBene,1962-02-17,rep,WA,Democrat,https://delbene.house.gov,2330 Rayburn House Office Building Washington DC 20515-4701,202-225-6311,
Massie,Thomas,,,Thomas Massie,1971-01-13,rep,KY,Republican,https://massie.house.gov,2453 Rayburn House Office Building Washington DC 20515-1704,202-225-3465,
Payne,Donald,M.,,"Donald M. Payne, Jr.",1958-12-17,rep,NJ,Democrat,https://payne.house.gov,106 Cannon House Office Building Washington DC 20515-3010,202-225-3436,
Schatz,Brian,Emanuel,,Brian Schatz,1972-10-20,sen,HI,Democrat,https://www.schatz.senate.gov,722 Hart Senate Office Building Washington DC 20510,202-224-3934,https://www.schatz.senate.gov/contact
Foster,Bill,,,Bill Foster,1955-10-07,rep,IL,Democrat,https://foster.house.gov,2366 Rayburn House Office Building Washington DC 20515-1311,202-225-3515,
Titus,Dina,,,Dina Titus,1950-05-23,rep,NV,Democrat,https://titus.house.gov,2464 Rayburn House Office Building Washington DC 20515-2801,202-225-5965,
Cotton,Tom,,,Tom Cotton,1977-05-13,sen,AR,Republican,https://www.cotton.senate.gov,326 Russell Senate Office Building Washington DC 20510,202-224-2353,https://www.cotton.senate.gov/contact/contact-tom
Sinema,Kyrsten,,,Kyrsten Sinema,1976-07-12,sen,AZ,Democrat,https://www.sinema.senate.gov,317 Hart Senate Office Building Washington DC 20510,202-224-4521,https://www.sinema.senate.gov/contact-kyrsten
LaMalfa,Doug,,,Doug LaMalfa,1960-07-02,rep,CA,Republican,https://lamalfa.house.gov,408 Cannon House Office Building Washington DC 20515-0501,202-225-3076,
Huffman,Jared,,,Jared Huffman,1964-02-18,rep,CA,Democrat,https://huffman.house.gov,1527 Longworth House Office Building Washington DC 20515-0502,202-225-5161,
Bera,Ami,,,Ami Bera,1965-03-02,rep,CA,Democrat,https://bera.house.gov,172 Cannon House Office Building Washington DC 20515-0507,202-225-5716,
Swalwell,Eric,,,Eric Swalwell,1980-11-16,rep,CA,Democrat,https://swalwell.house.gov,174 Cannon House Office Building Washington DC 20515-0515,202-225-5065,
Brownley,Julia,,,Julia Brownley,1952-08-28,rep,CA,Democrat,https://juliabrownley.house.gov,2262 Rayburn House Office Building Washington DC 20515-0526,202-225-5811,
Cárdenas,Tony,,,Tony Cárdenas,1963-03-31,rep,CA,Democrat,https://cardenas.house.gov,2438 Rayburn House Office Building Washington DC 20515-0529,202-225-6131,
Ruiz,Raul,,,Raul Ruiz,1972-08-25,rep,CA,Democrat,https://ruiz.house.gov,2342 Rayburn House Office Building Washington DC 20515-0536,202-225-5330,
Takano,Mark,,,Mark Takano,1960-12-10,rep,CA,Democrat,https://takano.house.gov,420 Cannon House Office Building Washington DC 20515-0541,202-225-2305,
Lowenthal,Alan,S.,,Alan S. Lowenthal,1941-03-08,rep,CA,Democrat,https://lowenthal.house.gov,108 Cannon House Office Building Washington DC 20515-0547,202-225-7924,
Vargas,Juan,,,Juan Vargas,1961-03-07,rep,CA,Democrat,https://vargas.house.gov,2244 Rayburn House Office Building Washington DC 20515-0551,202-225-8045,
Peters,Scott,H.,,Scott H. Peters,1958-06-17,rep,CA,Democrat,https://scottpeters.house.gov,1201 Longworth House Office Building Washington DC 20515-0552,202-225-0508,
Frankel,Lois,,,Lois Frankel,1948-05-16,rep,FL,Democrat,https://frankel.house.gov,2305 Rayburn House Office Building Washington DC 20515-0921,202-225-9890,
Duckworth,Tammy,,,Tammy Duckworth,1968-03-12,sen,IL,Democrat,https://www.duckworth.senate.gov,524 Hart Senate Office Building Washington DC 20510,202-224-2854,https://www.duckworth.senate.gov/content/contact-senator
Davis,Rodney,,,Rodney Davis,1970-01-05,rep,IL,Republican,https://rodneydavis.house.gov,2079 Rayburn House Office Building Washington DC 20515-1313,202-225-2371,
Bustos,Cheri,,,Cheri Bustos,1961-10-17,rep,IL,Democrat,https://bustos.house.gov,1233 Longworth House Office Building Washington DC 20515-1317,202-225-5905,
Walorski,Jackie,,,Jackie Walorski,1963-08-17,rep,IN,Republican,https://walorski.house.gov,466 Cannon House Office Building Washington DC 20515-1402,202-225-3915,
Barr,Garland,,Andy,Andy Barr,1973-07-24,rep,KY,Republican,https://barr.house.gov,2430 Rayburn House Office Building Washington DC 20515-1706,202-225-4706,
Warren,Elizabeth,,,Elizabeth Warren,1949-06-22,sen,MA,Democrat,https://www.warren.senate.gov,309 Hart Senate Office Building Washington DC 20510,202-224-4543,https://www.warren.senate.gov/?p=email_senator
King,Angus,S.,,"Angus S. King, Jr.",1944-03-31,sen,ME,Independent,https://www.king.senate.gov,133 Hart Senate Office Building Washington DC 20510,202-224-5344,https://www.king.senate.gov/contact
Kildee,Daniel,T.,,Daniel T. Kildee,1958-08-11,rep,MI,Democrat,https://dankildee.house.gov,200 Cannon House Office Building Washington DC 20515-2205,202-225-3611,
Wagner,Ann,,,Ann Wagner,1962-09-13,rep,MO,Republican,https://wagner.house.gov,2350 Rayburn House Office Building Washington DC 20515-2502,202-225-1621,
Daines,Steve,,,Steve Daines,1962-08-20,sen,MT,Republican,https://www.daines.senate.gov,320 Hart Senate Office Building Washington DC 20510,202-224-2651,https://www.daines.senate.gov/connect/email-steve
Hudson,Richard,,,Richard Hudson,1971-11-04,rep,NC,Republican,https://hudson.house.gov,2112 Rayburn House Office Building Washington DC 20515-3308,202-225-3715,
Cramer,Kevin,,,Kevin Cramer,1961-01-21,sen,ND,Republican,https://www.cramer.senate.gov,400 Russell Senate Office Building Washington DC 20510,202-224-2043,https://www.cramer.senate.gov/contact/contact-kevin
Fischer,Deb,,,Deb Fischer,1951-03-01,sen,NE,Republican,https://www.fischer.senate.gov,454 Russell Senate Office Building Washington DC 20510,202-224-6551,http://www.fischer.senate.gov/public/index.cfm/contact
Kuster,Ann,M.,,Ann Kuster,1956-09-05,rep,NH,Democrat,https://kuster.house.gov,320 Cannon House Office Building Washington DC 20515-2902,202-225-5206,
Meng,Grace,,,Grace Meng,1975-10-01,rep,NY,Democrat,https://meng.house.gov,2209 Rayburn House Office Building Washington DC 20515-3206,202-225-2601,
Jeffries,Hakeem,S.,,Hakeem S. Jeffries,1970-08-04,rep,NY,Democrat,https://jeffries.house.gov,2433 Rayburn House Office Building Washington DC 20515-3208,202-225-5936,
Maloney,Sean,Patrick,,Sean Patrick Maloney,1966-07-30,rep,NY,Democrat,https://seanmaloney.house.gov,464 Cannon House Office Building Washington DC 20515-3218,202-225-5441,
Wenstrup,Brad,R.,,Brad R. Wenstrup,1958-06-17,rep,OH,Republican,https://wenstrup.house.gov,2419 Rayburn House Office Building Washington DC 20515-3502,202-225-3164,
Beatty,Joyce,,,Joyce Beatty,1950-03-12,rep,OH,Democrat,https://beatty.house.gov,2303 Rayburn House Office Building Washington DC 20515-3503,202-225-4324,
Joyce,David,P.,,David P. Joyce,1957-03-17,rep,OH,Republican,https://joyce.house.gov,2065 Rayburn House Office Building Washington DC 20515-3514,202-225-5731,
Mullin,Markwayne,,,Markwayne Mullin,1977-07-26,rep,OK,Republican,https://mullin.house.gov,2421 Rayburn House Office Building Washington DC 20515-3602,202-225-2701,
Perry,Scott,,,Scott Perry,1962-05-27,rep,PA,Republican,https://perry.house.gov,2160 Rayburn House Office Building Washington DC 20515-3810,202-225-5836,
Cartwright,Matthew,A.,Matt,Matt Cartwright,1961-05-01,rep,PA,Democrat,https://cartwright.house.gov,2102 Rayburn House Office Building Washington DC 20515-3808,202-225-5546,
Rice,Tom,,,Tom Rice,1957-08-04,rep,SC,Republican,https://rice.house.gov,460 Cannon House Office Building Washington DC 20515-4007,202-225-9895,
Cruz,Ted,,,Ted Cruz,1970-12-22,sen,TX,Republican,https://www.cruz.senate.gov,127A Russell Senate Office Building Washington DC 20510,202-224-5922,https://www.cruz.senate.gov/?p=form&id=16
Weber,Randy,K.,,"Randy K. Weber, Sr.",1953-07-02,rep,TX,Republican,https://weber.house.gov,107 Cannon House Office Building Washington DC 20515-4314,202-225-2831,
Castro,Joaquin,,,Joaquin Castro,1974-09-16,rep,TX,Democrat,https://castro.house.gov,2241 Rayburn House Office Building Washington DC 20515-4320,202-225-3236,
Williams,Roger,,,Roger Williams,1949-09-13,rep,TX,Republican,https://williams.house.gov,1708 Longworth House Office Building Washington DC 20515-4325,202-225-9896,
Veasey,Marc,A.,,Marc A. Veasey,1971-01-03,rep,TX,Democrat,https://veasey.house.gov,2348 Rayburn House Office Building Washington DC 20515-4333,202-225-9897,
Vela,Filemon,,,Filemon Vela,1963-02-13,rep,TX,Democrat,https://vela.house.gov,307 Cannon House Office Building Washington DC 20515-4334,202-225-9901,
Stewart,Chris,,,Chris Stewart,1960-07-15,rep,UT,Republican,https://stewart.house.gov,166 Cannon House Office Building Washington DC 20515-4402,202-225-9730,
Kaine,Timothy,,Tim,Tim Kaine,1958-02-26,sen,VA,Democrat,https://www.kaine.senate.gov,231 Russell Senate Office Building Washington DC 20510,202-224-4024,https://www.kaine.senate.gov/contact
Kilmer,Derek,,,Derek Kilmer,1974-01-01,rep,WA,Democrat,https://kilmer.house.gov,2059 Rayburn House Office Building Washington DC 20515-4706,202-225-5916,
Pocan,Mark,,,Mark Pocan,1964-08-14,rep,WI,Democrat,https://pocan.house.gov,1727 Longworth House Office Building Washington DC 20515-4902,202-225-2906,
Kelly,Robin,L.,,Robin L. Kelly,1956-04-30,rep,IL,Democrat,https://robinkelly.house.gov,2416 Rayburn House Office Building Washington DC 20515-1302,202-225-0773,
Smith,Jason,T.,,Jason Smith,1980-06-16,rep,MO,Republican,https://jasonsmith.house.gov,2418 Rayburn House Office Building Washington DC 20515-2508,202-225-4404,
Booker,Cory,Anthony,,Cory A. Booker,1969-04-27,sen,NJ,Democrat,https://www.booker.senate.gov,717 Hart Senate Office Building Washington DC 20510,202-224-3224,https://www.booker.senate.gov/?p=contact
Clark,Katherine,M.,,Katherine M. Clark,1963-07-17,rep,MA,Democrat,https://katherineclark.house.gov,2448 Rayburn House Office Building Washington DC 20515-2105,202-225-2836,
Norcross,Donald,W.,,Donald Norcross,1958-12-13,rep,NJ,Democrat,https://norcross.house.gov,2427 Rayburn House Office Building Washington DC 20515-3001,202-225-6501,
Adams,Alma,S.,,Alma S. Adams,1946-05-27,rep,NC,Democrat,https://adams.house.gov,2436 Rayburn House Office Building Washington DC 20515-3312,202-225-1510,
Palmer,Gary,J.,,Gary J. Palmer,1954-05-14,rep,AL,Republican,https://palmer.house.gov,170 Cannon House Office Building Washington DC 20515-0106,202-225-4921,
Hill,J.,French,,J. Hill,1956-12-05,rep,AR,Republican,https://hill.house.gov,1533 Longworth House Office Building Washington DC 20515-0402,202-225-2506,
Westerman,Bruce,,,Bruce Westerman,1967-11-18,rep,AR,Republican,https://westerman.house.gov,202 Cannon House Office Building Washington DC 20515-0404,202-225-3772,
Gallego,Ruben,,,Ruben Gallego,1979-11-20,rep,AZ,Democrat,https://rubengallego.house.gov,1131 Longworth House Office Building Washington DC 20515-0307,202-225-4065,
DeSaulnier,Mark,,,Mark DeSaulnier,1952-03-31,rep,CA,Democrat,https://desaulnier.house.gov,503 Cannon House Office Building Washington DC 20515-0511,202-225-2095,
Aguilar,Pete,,,Pete Aguilar,1979-06-19,rep,CA,Democrat,https://aguilar.house.gov,109 Cannon House Office Building Washington DC 20515-0531,202-225-3201,
Lieu,Ted,,,Ted Lieu,1969-03-29,rep,CA,Democrat,https://lieu.house.gov,403 Cannon House Office Building Washington DC 20515-0533,202-225-3976,
Torres,Norma,J.,,Norma J. Torres,1965-04-04,rep,CA,Democrat,https://torres.house.gov,2227 Rayburn House Office Building Washington DC 20515-0535,202-225-6161,
Buck,Ken,,,Ken Buck,1959-02-16,rep,CO,Republican,https://buck.house.gov,2455 Rayburn House Office Building Washington DC 20515-0604,202-225-4676,
Carter,Earl,L.,Buddy,"Earl L. ""Buddy"" Carter",1957-09-06,rep,GA,Republican,https://buddycarter.house.gov,2432 Rayburn House Office Building Washington DC 20515-1001,202-225-5831,
Hice,Jody,B.,,Jody B. Hice,1960-04-22,rep,GA,Republican,https://hice.house.gov,404 Cannon House Office Building Washington DC 20515-1010,202-225-4101,
Loudermilk,Barry,,,Barry Loudermilk,1963-12-22,rep,GA,Republican,https://loudermilk.house.gov,2133 Rayburn House Office Building Washington DC 20515-1011,202-225-2931,
Allen,Rick,W.,,Rick W. Allen,1951-11-07,rep,GA,Republican,https://allen.house.gov,570 Cannon House Office Building Washington DC 20515-1012,202-225-2823,
Bost,Mike,,,Mike Bost,1960-12-30,rep,IL,Republican,https://bost.house.gov,1211 Longworth House Office Building Washington DC 20515-1312,202-225-5661,
Graves,Garret,,,Garret Graves,1972-01-31,rep,LA,Republican,https://garretgraves.house.gov,2402 Rayburn House Office Building Washington DC 20515-1806,202-225-3901,
Moulton,Seth,,,Seth Moulton,1978-10-24,rep,MA,Democrat,https://moulton.house.gov,1127 Longworth House Office Building Washington DC 20515-2106,202-225-8020,
Moolenaar,John,R.,,John R. Moolenaar,1961-05-08,rep,MI,Republican,https://moolenaar.house.gov,117 Cannon House Office Building Washington DC 20515-2204,202-225-3561,
Dingell,Debbie,,,Debbie Dingell,1953-11-23,rep,MI,Democrat,https://debbiedingell.house.gov,116 Cannon House Office Building Washington DC 20515-2212,202-225-4071,
Lawrence,Brenda,L.,,Brenda L. Lawrence,1954-10-18,rep,MI,Democrat,https://lawrence.house.gov,2463 Rayburn House Office Building Washington DC 20515-2214,202-225-5802,
Emmer,Tom,,,Tom Emmer,1961-03-03,rep,MN,Republican,https://emmer.house.gov,315 Cannon House Office Building Washington DC 20515-2306,202-225-2331,
Rouzer,David,,,David Rouzer,1972-02-16,rep,NC,Republican,https://rouzer.house.gov,2333 Rayburn House Office Building Washington DC 20515-3307,202-225-2731,
Watson Coleman,Bonnie,,,Bonnie Watson Coleman,1945-02-06,rep,NJ,Democrat,https://watsoncoleman.house.gov,168 Cannon House Office Building Washington DC 20515-3012,202-225-5801,
Zeldin,Lee,M.,,Lee M. Zeldin,1980-01-30,rep,NY,Republican,https://zeldin.house.gov,2441 Rayburn House Office Building Washington DC 20515-3201,202-225-3826,
Rice,Kathleen,M.,,Kathleen M. Rice,1965-02-15,rep,NY,Democrat,https://kathleenrice.house.gov,2435 Rayburn House Office Building Washington DC 20515-3204,202-225-5516,
Stefanik,Elise,M.,,Elise M. Stefanik,1984-07-02,rep,NY,Republican,https://stefanik.house.gov,2211 Rayburn House Office Building Washington DC 20515-3221,202-225-4611,
Katko,John,,,John Katko,1962-11-09,rep,NY,Republican,https://katko.house.gov,2428 Rayburn House Office Building Washington DC 20515-3224,202-225-3701,
Boyle,Brendan,F.,,Brendan F. Boyle,1977-02-06,rep,PA,Democrat,https://boyle.house.gov,1133 Longworth House Office Building Washington DC 20515-3802,202-225-6111,
Babin,Brian,,,Brian Babin,1948-03-23,rep,TX,Republican,https://babin.house.gov,2236 Rayburn House Office Building Washington DC 20515-4336,202-225-1555,
Beyer,Donald,S.,,"Donald S. Beyer, Jr.",1950-06-20,rep,VA,Democrat,https://beyer.house.gov,1119 Longworth House Office Building Washington DC 20515-4608,202-225-4376,
Plaskett,Stacey,E.,,Stacey E. Plaskett,1966-05-13,rep,VI,Democrat,https://plaskett.house.gov,2404 Rayburn House Office Building Washington DC 20515-5500,202-225-1790,
Newhouse,Dan,,,Dan Newhouse,1955-07-10,rep,WA,Republican,https://newhouse.house.gov,504 Cannon House Office Building Washington DC 20515-4704,202-225-5816,
Grothman,Glenn,,,Glenn Grothman,1955-07-03,rep,WI,Republican,https://grothman.house.gov,1427 Longworth House Office Building Washington DC 20515-4906,202-225-2476,
Mooney,Alexander,X.,,Alexander Mooney,1971-06-05,rep,WV,Republican,https://mooney.house.gov,2228 Rayburn House Office Building Washington DC 20515-4802,202-225-2711,
Radewagen,Aumua Amata,Coleman,,Aumua Amata Coleman Radewagen,1947-12-29,rep,AS,Republican,https://radewagen.house.gov,1339 Longworth House Office Building Washington DC 20515-5200,202-225-8577,
Sullivan,Dan,,,Dan Sullivan,1964-11-13,sen,AK,Republican,https://www.sullivan.senate.gov,302 Hart Senate Office Building Washington DC 20510,202-224-3004,https://www.sullivan.senate.gov/contact/email
Ernst,Joni,,,Joni Ernst,1970-07-01,sen,IA,Republican,https://www.ernst.senate.gov/public,730 Hart Senate Office Building Washington DC 20510,202-224-3254,https://www.ernst.senate.gov/public/index.cfm/contact
Tillis,Thom,,,Thom Tillis,1960-08-30,sen,NC,Republican,https://www.tillis.senate.gov,113 Dirksen Senate Office Building Washington DC 20510,202-224-6342,https://www.tillis.senate.gov/public/index.cfm/email-me
Rounds,Mike,,,Mike Rounds,1954-10-24,sen,SD,Republican,https://www.rounds.senate.gov,502 Hart Senate Office Building Washington DC 20510,202-224-5842,https://www.rounds.senate.gov/contact/email-mike
Sasse,Benjamin,Eric,Ben,Ben Sasse,1972-02-22,sen,NE,Republican,https://www.sasse.senate.gov/public,107 Russell Senate Office Building Washington DC 20510,202-224-4224,http://www.sasse.senate.gov/public/index.cfm/email-ben
Kelly,Trent,,,Trent Kelly,1966-03-01,rep,MS,Republican,https://trentkelly.house.gov,2243 Rayburn House Office Building Washington DC 20515-2401,202-225-4306,
LaHood,Darin,,,Darin LaHood,1968-07-05,rep,IL,Republican,https://lahood.house.gov,1424 Longworth House Office Building Washington DC 20515-1318,202-225-6201,
Davidson,Warren,,,Warren Davidson,1970-03-01,rep,OH,Republican,https://davidson.house.gov,2113 Rayburn House Office Building Washington DC 20515-3508,202-225-6205,
Comer,James,,,James Comer,1972-08-19,rep,KY,Republican,https://comer.house.gov,2410 Rayburn House Office Building Washington DC 20515-1701,202-225-3115,
Evans,Dwight,,,Dwight Evans,1954-05-16,rep,PA,Democrat,https://evans.house.gov,1105 Longworth House Office Building Washington DC 20515-3803,202-225-4001,
Kennedy,John,Neely,,John Kennedy,1951-11-21,sen,LA,Republican,https://www.kennedy.senate.gov/public,416 Russell Senate Office Building Washington DC 20510,202-224-4623,https://www.kennedy.senate.gov/public/email-me
Hassan,Margaret,Wood,Maggie,Margaret Wood Hassan,1958-02-27,sen,NH,Democrat,https://www.hassan.senate.gov,324 Hart Senate Office Building Washington DC 20510,202-224-3324,https://www.hassan.senate.gov/content/contact-senator
Cortez Masto,Catherine,,,Catherine Cortez Masto,1964-03-29,sen,NV,Democrat,https://www.cortezmasto.senate.gov,516 Hart Senate Office Building Washington DC 20510,202-224-3542,https://www.cortezmasto.senate.gov/contact
Schneider,Bradley,Scott,Brad,Bradley Scott Schneider,1961-08-20,rep,IL,Democrat,https://schneider.house.gov,300 Cannon House Office Building Washington DC 20515-1310,202-225-4835,
O’Halleran,Tom,,,Tom O’Halleran,1946-01-24,rep,AZ,Democrat,https://ohalleran.house.gov,318 Cannon House Office Building Washington DC 20515-0301,202-225-3361,
Biggs,Andy,,,Andy Biggs,1958-11-07,rep,AZ,Republican,https://biggs.house.gov,171 Cannon House Office Building Washington DC 20515-0305,202-225-2635,
Khanna,Ro,,,Ro Khanna,1976-09-13,rep,CA,Democrat,https://khanna.house.gov,306 Cannon House Office Building Washington DC 20515-0517,202-225-2631,
Panetta,Jimmy,,,Jimmy Panetta,1969-10-01,rep,CA,Democrat,https://panetta.house.gov,406 Cannon House Office Building Washington DC 20515-0520,202-225-2861,
Carbajal,Salud,O.,,Salud O. Carbajal,1964-11-18,rep,CA,Democrat,https://carbajal.house.gov,2331 Rayburn House Office Building Washington DC 20515-0524,202-225-3601,
Barragán,Nanette,Diaz,,Nanette Diaz Barragán,1976-09-15,rep,CA,Democrat,https://barragan.house.gov,2246 Longworth House Office Building Washington DC 20515-0544,202-225-8220,
Correa,J.,Luis,,J. Luis Correa,1958-01-24,rep,CA,Democrat,https://correa.house.gov,2301 Rayburn House Office Building Washington DC 20515-0546,202-225-2965,
Blunt Rochester,Lisa,,,Lisa Blunt Rochester,1962-02-10,rep,DE,Democrat,https://bluntrochester.house.gov,1724 Longworth House Office Building Washington DC 20515-0800,202-225-4165,
Gaetz,Matt,,,Matt Gaetz,1982-05-07,rep,FL,Republican,https://gaetz.house.gov,1721 Longworth House Office Building Washington DC 20515-0901,202-225-4136,
Dunn,Neal,P.,,Neal P. Dunn,1953-02-16,rep,FL,Republican,https://dunn.house.gov,316 Cannon House Office Building Washington DC 20515-0902,202-225-5235,
Rutherford,John,H.,,John H. Rutherford,1952-09-02,rep,FL,Republican,https://rutherford.house.gov,1711 Longworth House Office Building Washington DC 20515-0904,202-225-2501,
Lawson,Al,,,"Al Lawson, Jr.",1948-09-23,rep,FL,Democrat,https://lawson.house.gov,2437 Rayburn House Office Building Washington DC 20515-0905,202-225-0123,
Murphy,Stephanie,N.,,Stephanie N. Murphy,1978-09-16,rep,FL,Democrat,https://murphy.house.gov,1710 Longworth House Office Building Washington DC 20515-0907,202-225-4035,
Soto,Darren,,,Darren Soto,1978-02-25,rep,FL,Democrat,https://soto.house.gov,2353 Rayburn House Office Building Washington DC 20515-0909,202-225-9889,
Demings,Val,Butler,,Val Butler Demings,1957-03-12,rep,FL,Democrat,https://demings.house.gov,217 Cannon House Office Building Washington DC 20515-0910,202-225-2176,
Crist,Charlie,,,Charlie Crist,1956-07-24,rep,FL,Democrat,https://crist.house.gov,215 Cannon House Office Building Washington DC 20515-0913,202-225-5961,
Mast,Brian,J.,,Brian J. Mast,1980-07-10,rep,FL,Republican,https://mast.house.gov,2182 Rayburn House Office Building Washington DC 20515-0918,202-225-3026,
Ferguson,A.,Drew,,A. Drew Ferguson IV,1966-11-15,rep,GA,Republican,https://ferguson.house.gov,1032 Longworth House Office Building Washington DC 20515-1003,202-225-5901,
Krishnamoorthi,Raja,,,Raja Krishnamoorthi,1973-07-19,rep,IL,Democrat,https://krishnamoorthi.house.gov,115 Cannon House Office Building Washington DC 20515-1308,202-225-3711,
Banks,Jim,,,Jim Banks,1979-07-16,rep,IN,Republican,https://banks.house.gov,1713 Longworth House Office Building Washington DC 20515-1403,202-225-4436,
Hollingsworth,Trey,,,Trey Hollingsworth,1983-09-12,rep,IN,Republican,https://hollingsworth.house.gov,1641 Longworth House Office Building Washington DC 20515-1409,202-225-5315,
Marshall,Roger,,,Roger Marshall,1960-08-09,sen,KS,Republican,https://www.marshall.senate.gov,B33 Russell Senate Office Building Washington DC 20510,202-224-4774,https://www.marshall.senate.gov
Higgins,Clay,,,Clay Higgins,1961-08-24,rep,LA,Republican,https://clayhiggins.house.gov,572 Cannon House Office Building Washington DC 20515-1803,202-225-2031,
Johnson,Mike,,,Mike Johnson,1972-01-30,rep,LA,Republican,https://mikejohnson.house.gov,568 Cannon House Office Building Washington DC 20515-1804,202-225-2777,
Brown,Anthony,G.,,Anthony Brown,1961-11-21,rep,MD,Democrat,https://anthonybrown.house.gov,1323 Longworth House Office Building Washington DC 20515-2004,202-225-8699,
Raskin,Jamie,,,Jamie Raskin,1962-12-13,rep,MD,Democrat,https://raskin.house.gov,2242 Rayburn House Office Building Washington DC 20515-2008,202-225-5341,
Bergman,Jack,,,Jack Bergman,1947-02-02,rep,MI,Republican,https://bergman.house.gov,566 Cannon House Office Building Washington DC 20515-2201,202-225-4735,
Budd,Ted,,,Ted Budd,1971-10-21,rep,NC,Republican,https://budd.house.gov,103 Cannon House Office Building Washington DC 20515-3313,202-225-4531,
Bacon,Don,,,Don Bacon,1963-08-16,rep,NE,Republican,https://bacon.house.gov,1024 Longworth House Office Building Washington DC 20515-2702,202-225-4155,
Gottheimer,Josh,,,Josh Gottheimer,1975-03-08,rep,NJ,Democrat,https://gottheimer.house.gov,203 Cannon House Office Building Washington DC 20515-3005,202-225-4465,
Rosen,Jacky,,,Jacky Rosen,1957-08-02,sen,NV,Democrat,https://www.rosen.senate.gov,144 Russell Senate Office Building Washington DC 20510,202-224-6244,https://www.rosen.senate.gov/contact_jacky
Suozzi,Thomas,R.,,Thomas R. Suozzi,1962-08-31,rep,NY,Democrat,https://suozzi.house.gov,407 Cannon House Office Building Washington DC 20515-3203,202-225-3335,
Espaillat,Adriano,,,Adriano Espaillat,1954-09-27,rep,NY,Democrat,https://espaillat.house.gov,2332 Rayburn House Office Building Washington DC 20515-3213,202-225-4365,
Fitzpatrick,Brian,K.,,Brian K. Fitzpatrick,1973-12-17,rep,PA,Republican,https://fitzpatrick.house.gov,271 Cannon House Office Building Washington DC 20515-3801,202-225-4276,
Smucker,Lloyd,,,Lloyd Smucker,1964-01-23,rep,PA,Republican,https://smucker.house.gov,302 Cannon House Office Building Washington DC 20515-3811,202-225-2411,
González-Colón,Jenniffer,,,Jenniffer González-Colón,1976-08-05,rep,PR,Republican,https://gonzalez-colon.house.gov,2338 Rayburn House Office Building Washington DC 20515-5401,202-225-2615,
Kustoff,David,,,David Kustoff,1966-10-08,rep,TN,Republican,https://kustoff.house.gov,560 Cannon House Office Building Washington DC 20515-4208,202-225-4714,
Gonzalez,Vicente,,,Vicente Gonzalez,1967-09-04,rep,TX,Democrat,https://gonzalez.house.gov,113 Cannon House Office Building Washington DC 20515-4315,202-225-2531,
Arrington,Jodey,C.,,Jodey C. Arrington,1972-03-09,rep,TX,Republican,https://arrington.house.gov,1107 Longworth House Office Building Washington DC 20515-4319,202-225-4005,
McEachin,A.,Donald,,A. Donald McEachin,1961-10-10,rep,VA,Democrat,https://mceachin.house.gov,314 Cannon House Office Building Washington DC 20515-4604,202-225-6365,
Jayapal,Pramila,,,Pramila Jayapal,1965-09-21,rep,WA,Democrat,https://jayapal.house.gov,2346 Rayburn House Office Building Washington DC 20515-4707,202-225-3106,
Gallagher,Mike,,,Mike Gallagher,1984-03-03,rep,WI,Republican,https://gallagher.house.gov,1230 Longworth House Office Building Washington DC 20515-4908,202-225-5665,
Cheney,Liz,,,Liz Cheney,1966-07-28,rep,WY,Republican,https://cheney.house.gov,416 Cannon House Office Building Washington DC 20515-5000,202-225-2311,
Estes,Ron,,,Ron Estes,1956-07-19,rep,KS,Republican,https://estes.house.gov,2411 Rayburn House Office Building Washington DC 20515-1604,202-225-6216,
Norman,Ralph,,,Ralph Norman,1953-06-20,rep,SC,Republican,https://norman.house.gov,569 Cannon House Office Building Washington DC 20515-4005,202-225-5501,
Gomez,Jimmy,,,Jimmy Gomez,1974-11-25,rep,CA,Democrat,https://gomez.house.gov,1530 Longworth House Office Building Washington DC 20515-0534,202-225-6235,
Curtis,John,R.,,John R. Curtis,1960-05-10,rep,UT,Republican,https://curtis.house.gov,2400 Rayburn House Office Building Washington DC 20515-4403,202-225-7751,
Smith,Tina,Flint,,Tina Smith,1958-03-04,sen,MN,Democrat,https://www.smith.senate.gov,720 Hart Senate Office Building Washington DC 20510,202-224-5641,https://www.smith.senate.gov/contact-tina
Hyde-Smith,Cindy,,,Cindy Hyde-Smith,1959-05-10,sen,MS,Republican,https://www.hydesmith.senate.gov,702 Hart Senate Office Building Washington DC 20510,202-224-5054,https://www.hydesmith.senate.gov/content/contact-senator
Lamb,Conor,,,Conor Lamb,1984-06-27,rep,PA,Democrat,https://lamb.house.gov,1224 Longworth House Office Building Washington DC 20515-3817,202-225-2301,
Lesko,Debbie,,,Debbie Lesko,1958-11-14,rep,AZ,Republican,https://lesko.house.gov,1214 Longworth House Office Building Washington DC 20515-0308,202-225-4576,
Cloud,Michael,,,Michael Cloud,1975-05-13,rep,TX,Republican,https://cloud.house.gov,512 Cannon House Office Building Washington DC 20515-4327,202-225-7742,
Balderson,Troy,,,Troy Balderson,1962-01-16,rep,OH,Republican,https://balderson.house.gov,2429 Rayburn House Office Building Washington DC 20515-3512,202-225-5355,
Hern,Kevin,R.,,Kevin Hern,1961-12-04,rep,OK,Republican,https://hern.house.gov,1019 Longworth House Office Building Washington DC 20515-3601,202-225-2211,
Morelle,Joseph,D.,,Joseph D. Morelle,1957-04-29,rep,NY,Democrat,https://morelle.house.gov,1317 Longworth House Office Building Washington DC 20515-3225,202-225-3615,
Scanlon,Mary,Gay,,Mary Gay Scanlon,1959-08-30,rep,PA,Democrat,https://scanlon.house.gov,1227 Longworth House Office Building Washington DC 20515-3805,202-225-2011,
Wild,Susan,Ellis,,Susan Wild,1957-06-07,rep,PA,Democrat,https://wild.house.gov,1027 Longworth House Office Building Washington DC 20515-3807,202-225-6411,
Case,Ed,,,Ed Case,1952-09-27,rep,HI,Democrat,https://case.house.gov,2210 Rayburn House Office Building Washington DC 20515-1101,202-225-2726,
Horsford,Steven,A.,,Steven Horsford,1973-04-29,rep,NV,Democrat,https://horsford.house.gov,562 Cannon House Office Building Washington DC 20515-2804,202-225-9894,
Kirkpatrick,Ann,,,Ann Kirkpatrick,1950-03-24,rep,AZ,Democrat,https://kirkpatrick.house.gov,309 Cannon House Office Building Washington DC 20515-0302,202-225-2542,
Stanton,Greg,,,Greg Stanton,1970-03-08,rep,AZ,Democrat,https://stanton.house.gov,207 Cannon House Office Building Washington DC 20515-0309,202-225-9888,
Harder,Josh,,,Josh Harder,1986-08-01,rep,CA,Democrat,https://harder.house.gov,209 Cannon House Office Building Washington DC 20515-0510,202-225-4540,
Porter,Katie,,,Katie Porter,1974-01-03,rep,CA,Democrat,https://porter.house.gov,1117 Longworth House Office Building Washington DC 20515-0545,202-225-5611,
Levin,Mike,,,Mike Levin,1978-10-28,rep,CA,Democrat,https://mikelevin.house.gov,1030 Longworth House Office Building Washington DC 20515-0549,202-225-3906,
Neguse,Joe,,,Joe Neguse,1984-05-13,rep,CO,Democrat,https://neguse.house.gov,1419 Longworth House Office Building Washington DC 20515-0602,202-225-2161,
Crow,Jason,,,Jason Crow,1979-03-15,rep,CO,Democrat,https://crow.house.gov,1229 Longworth House Office Building Washington DC 20515-0606,202-225-7882,
Hayes,Jahana,,,Jahana Hayes,1973-03-08,rep,CT,Democrat,https://hayes.house.gov,1415 Longworth House Office Building Washington DC 20515-0705,202-225-4476,
Waltz,Michael,,,Michael Waltz,1974-01-31,rep,FL,Republican,https://waltz.house.gov,213 Cannon House Office Building Washington DC 20515-0906,202-225-2706,
Steube,W.,Gregory,,W. Gregory Steube,1978-05-19,rep,FL,Republican,https://steube.house.gov,2457 Rayburn House Office Building Washington DC 20515-0917,202-225-5792,
McBath,Lucy,,,Lucy McBath,1960-06-01,rep,GA,Democrat,https://mcbath.house.gov,1513 Longworth House Office Building Washington DC 20515-1006,202-225-4501,
San Nicolas,Michael,F. Q.,,Michael F. Q. San Nicolas,1981-01-30,rep,GU,Democrat,https://sannicolas.house.gov,1632 Longworth House Office Building Washington DC 20515-5301,202-225-1188,
Axne,Cynthia,,,Cynthia Axne,1965-04-20,rep,IA,Democrat,https://axne.house.gov,1034 Longworth House Office Building Washington DC 20515-1503,202-225-5476,
Fulcher,Russ,,,Russ Fulcher,1973-07-19,rep,ID,Republican,https://fulcher.house.gov,1520 Longworth House Office Building Washington DC 20515-1201,202-225-6611,
García,Jesús,G.,Chuy,"Jesús G. ""Chuy"" García",1956-04-12,rep,IL,Democrat,https://chuygarcia.house.gov,1519 Longworth House Office Building Washington DC 20515-1304,202-225-8203,
Casten,Sean,,,Sean Casten,1971-11-23,rep,IL,Democrat,https://casten.house.gov,2440 Rayburn House Office Building Washington DC 20515-1306,202-225-4561,
Underwood,Lauren,,,Lauren Underwood,1986-10-04,rep,IL,Democrat,https://underwood.house.gov,1130 Longworth House Office Building Washington DC 20515-1314,202-225-2976,
Baird,James,R.,,James R. Baird,1945-06-04,rep,IN,Republican,https://baird.house.gov,1314 Longworth House Office Building Washington DC 20515-1404,202-225-5037,
Pence,Greg,,,Greg Pence,1956-11-14,rep,IN,Republican,https://pence.house.gov,211 Cannon House Office Building Washington DC 20515-1406,202-225-3021,
Davids,Sharice,,,Sharice Davids,1980-05-22,rep,KS,Democrat,https://davids.house.gov,1541 Longworth House Office Building Washington DC 20515-1603,202-225-2865,
Trahan,Lori,,,Lori Trahan,1973-10-27,rep,MA,Democrat,https://trahan.house.gov,2439 Rayburn House Office Building Washington DC 20515-2103,202-225-3411,
Pressley,Ayanna,,,Ayanna Pressley,1974-02-03,rep,MA,Democrat,https://pressley.house.gov,1108 Longworth House Office Building Washington DC 20515-2107,202-225-5111,
Trone,David,J.,,David J. Trone,1955-09-21,rep,MD,Democrat,https://trone.house.gov,1110 Longworth House Office Building Washington DC 20515-2006,202-225-2721,
Slotkin,Elissa,,,Elissa Slotkin,1976-07-10,rep,MI,Democrat,https://slotkin.house.gov,1210 Longworth House Office Building Washington DC 20515-2208,202-225-4872,
Levin,Andy,,,Andy Levin,1960-08-01,rep,MI,Democrat,https://andylevin.house.gov,312 Cannon House Office Building Washington DC 20515-2209,202-225-4961,
Stevens,Haley,M.,,Haley M. Stevens,1983-06-24,rep,MI,Democrat,https://stevens.house.gov,1510 Longworth House Office Building Washington DC 20515-2211,202-225-8171,
Tlaib,Rashida,,,Rashida Tlaib,1976-07-24,rep,MI,Democrat,https://tlaib.house.gov,1628 Longworth House Office Building Washington DC 20515-2213,202-225-5126,
Hagedorn,Jim,,,Jim Hagedorn,1962-08-04,rep,MN,Republican,https://hagedorn.house.gov,1433 Longworth House Office Building Washington DC 20515-2301,202-225-2472,
Craig,Angie,,,Angie Craig,1972-02-14,rep,MN,Democrat,https://craig.house.gov,2442 Rayburn House Office Building Washington DC 20515-2302,202-225-2271,
Phillips,Dean,,,Dean Phillips,1969-01-20,rep,MN,Democrat,https://phillips.house.gov,2452 Rayburn House Office Building Washington DC 20515-2303,202-225-2871,
Omar,Ilhan,,,Ilhan Omar,1981-10-04,rep,MN,Democrat,https://omar.house.gov,1730 Longworth House Office Building Washington DC 20515-2305,202-225-4755,
Stauber,Pete,,,Pete Stauber,1966-05-10,rep,MN,Republican,https://stauber.house.gov,461 Cannon House Office Building Washington DC 20515-2308,202-225-6211,
Guest,Michael,,,Michael Guest,1970-02-04,rep,MS,Republican,https://guest.house.gov,418 Cannon House Office Building Washington DC 20515-2403,202-225-5031,
Armstrong,Kelly,,,Kelly Armstrong,1976-10-08,rep,ND,Republican,https://armstrong.house.gov,1740 Longworth House Office Building Washington DC 20515-3400,202-225-2611,
Pappas,Chris,,,Chris Pappas,1980-06-04,rep,NH,Democrat,https://pappas.house.gov,319 Cannon House Office Building Washington DC 20515-2901,202-225-5456,
Van Drew,Jefferson,,,Jefferson Van Drew,1953-02-23,rep,NJ,Republican,https://vandrew.house.gov,2447 Rayburn House Office Building Washington DC 20515-3002,202-225-6572,
Kim,Andy,,,Andy Kim,1982-07-12,rep,NJ,Democrat,https://kim.house.gov,2444 Rayburn House Office Building Washington DC 20515-3003,202-225-4765,
Malinowski,Tom,,,Tom Malinowski,1965-09-23,rep,NJ,Democrat,https://malinowski.house.gov,1318 Longworth House Office Building Washington DC 20515-3007,202-225-5361,
Sherrill,Mikie,,,Mikie Sherrill,1972-01-19,rep,NJ,Democrat,https://sherrill.house.gov,1414 Longworth House Office Building Washington DC 20515-3011,202-225-5034,
Haaland,Debra,A.,,Debra A. Haaland,1960-12-02,rep,NM,Democrat,https://haaland.house.gov,1421 Longworth House Office Building Washington DC 20515-3101,202-225-6316,
Lee,Susie,,,Susie Lee,1966-11-07,rep,NV,Democrat,https://susielee.house.gov,365 Cannon House Office Building Washington DC 20515-2803,202-225-3252,
Ocasio-Cortez,Alexandria,,,Alexandria Ocasio-Cortez,1989-10-13,rep,NY,Democrat,https://ocasio-cortez.house.gov,216 Cannon House Office Building Washington DC 20515-3214,202-225-3965,
Delgado,Antonio,,,Antonio Delgado,1977-01-19,rep,NY,Democrat,https://delgado.house.gov,1007 Longworth House Office Building Washington DC 20515-3219,202-225-5614,
Gonzalez,Anthony,,,Anthony Gonzalez,1984-09-19,rep,OH,Republican,https://anthonygonzalez.house.gov,2458 Rayburn House Office Building Washington DC 20515-3516,202-225-3876,
Dean,Madeleine,,,Madeleine Dean,1959-06-06,rep,PA,Democrat,https://dean.house.gov,120 Cannon House Office Building Washington DC 20515-3804,202-225-4731,
Houlahan,Chrissy,,,Chrissy Houlahan,1967-06-05,rep,PA,Democrat,https://houlahan.house.gov,1218 Longworth House Office Building Washington DC 20515-3806,202-225-4315,
Meuser,Daniel,,,Daniel Meuser,1964-02-10,rep,PA,Republican,https://meuser.house.gov,414 Cannon House Office Building Washington DC 20515-3809,202-225-6511,
Joyce,John,,,John Joyce,1957-02-08,rep,PA,Republican,https://johnjoyce.house.gov,1221 Longworth House Office Building Washington DC 20515-3813,202-225-2431,
Reschenthaler,Guy,,,Guy Reschenthaler,1983-04-17,rep,PA,Republican,https://reschenthaler.house.gov,409 Cannon House Office Building Washington DC 20515-3814,202-225-2065,
Timmons,William,R.,,William R. Timmons IV,1984-04-30,rep,SC,Republican,https://timmons.house.gov,267 Cannon House Office Building Washington DC 20515-4004,202-225-6030,
Johnson,Dusty,,,Dusty Johnson,1976-09-30,rep,SD,Republican,https://dustyjohnson.house.gov,1714 Longworth House Office Building Washington DC 20515-4100,202-225-2801,
Burchett,Tim,,,Tim Burchett,1964-08-25,rep,TN,Republican,https://burchett.house.gov,1122 Longworth House Office Building Washington DC 20515-4202,202-225-5435,
Rose,John,W.,,John Rose,1965-02-23,rep,TN,Republican,https://johnrose.house.gov,1124 Longworth House Office Building Washington DC 20515-4206,202-225-4231,
Green,Mark,E.,,Mark E. Green,1964-11-08,rep,TN,Republican,https://markgreen.house.gov,2446 Rayburn House Office Building Washington DC 20515-4207,202-225-2811,
Crenshaw,Dan,,,Dan Crenshaw,1984-03-14,rep,TX,Republican,https://crenshaw.house.gov,413 Cannon House Office Building Washington DC 20515-4302,202-225-6565,
Taylor,Van,,,Van Taylor,1972-08-01,rep,TX,Republican,https://vantaylor.house.gov,1404 Longworth House Office Building Washington DC 20515-4303,202-225-4201,
Gooden,Lance,,,Lance Gooden,1982-12-01,rep,TX,Republican,https://gooden.house.gov,1722 Longworth House Office Building Washington DC 20515-4305,202-225-3484,
Wright,Ron,,,Ron Wright,1953-04-08,rep,TX,Republican,https://wright.house.gov,1725 Longworth House Office Building Washington DC 20515-4306,202-225-2002,
Fletcher,Lizzie,,,Lizzie Fletcher,1975-02-13,rep,TX,Democrat,https://fletcher.house.gov,119 Cannon House Office Building Washington DC 20515-4307,202-225-2571,
Escobar,Veronica,,,Veronica Escobar,1969-09-15,rep,TX,Democrat,https://escobar.house.gov,1505 Longworth House Office Building Washington DC 20515-4316,202-225-4831,
Roy,Chip,,,Chip Roy,1972-08-07,rep,TX,Republican,https://roy.house.gov,1005 Longworth House Office Building Washington DC 20515-4321,202-225-4236,
Garcia,Sylvia,R.,,Sylvia R. Garcia,1950-09-06,rep,TX,Democrat,https://sylviagarcia.house.gov,1620 Longworth House Office Building Washington DC 20515-4329,202-225-1688,
Allred,Colin,Z.,,Colin Z. Allred,1983-04-15,rep,TX,Democrat,https://allred.house.gov,114 Cannon House Office Building Washington DC 20515-4332,202-225-2231,
Luria,Elaine,G.,,Elaine G. Luria,1975-08-15,rep,VA,Democrat,https://luria.house.gov,412 Cannon House Office Building Washington DC 20515-4602,202-225-4215,
Cline,Ben,,,Ben Cline,1972-02-29,rep,VA,Republican,https://cline.house.gov,2443 Rayburn House Office Building Washington DC 20515-4606,202-225-5431,
Spanberger,Abigail,Davis,,Abigail Davis Spanberger,1979-08-07,rep,VA,Democrat,https://spanberger.house.gov,1431 Longworth House Office Building Washington DC 20515-4607,202-225-2815,
Wexton,Jennifer,,,Jennifer Wexton,1968-05-27,rep,VA,Democrat,https://wexton.house.gov,1217 Longworth House Office Building Washington DC 20515-4610,202-225-5136,
Schrier,Kim,,,Kim Schrier,1968-08-23,rep,WA,Democrat,https://schrier.house.gov,1123 Longworth House Office Building Washington DC 20515-4708,202-225-7761,
Steil,Bryan,,,Bryan Steil,1981-03-30,rep,WI,Republican,https://steil.house.gov,1526 Longworth House Office Building Washington DC 20515-4901,202-225-3031,
Miller,Carol,D.,,Carol D. Miller,1950-11-04,rep,WV,Republican,https://miller.house.gov,465 Cannon House Office Building Washington DC 20515-4803,202-225-3452,
Scott,Rick,,,Rick Scott,1952-12-01,sen,FL,Republican,https://www.rickscott.senate.gov,716 Hart Senate Office Building Washington DC 20510,202-224-5274,https://www.rickscott.senate.gov/contact_rick
Braun,Mike,,,Mike Braun,1954-03-24,sen,IN,Republican,https://www.braun.senate.gov,374 Russell Senate Office Building Washington DC 20510,202-224-4814,http://www.braun.senate.gov/contact-mike
Hawley,Joshua,,Josh,Josh Hawley,1979-12-31,sen,MO,Republican,https://www.hawley.senate.gov,212 Russell Senate Office Building Washington DC 20510,202-224-6154,https://www.hawley.senate.gov/contact-senator-hawley
Romney,Mitt,,,Mitt Romney,1947-03-12,sen,UT,Republican,https://www.romney.senate.gov,124 Russell Senate Office Building Washington DC 20510,202-224-5251,https://www.romney.senate.gov/contact-senator-romney
Golden,Jared,Forrest,,Jared F. Golden,1982-07-25,rep,ME,Democrat,https://golden.house.gov,1222 Longworth House Office Building Washington DC 20515-1902,202-225-6306,
Keller,Fred,,,Fred Keller,1965-10-23,rep,PA,Republican,https://keller.house.gov,1717 Longworth House Office Building Washington DC 20515-3812,202-225-3731,
Bishop,Dan,,,Dan Bishop,1964-07-01,rep,NC,Republican,https://danbishop.house.gov,1207 Longworth House Office Building Washington DC 20515-3309,202-225-1976,
Murphy,Gregory,Francis,,Gregory F. Murphy,1963-03-05,rep,NC,Republican,https://gregmurphy.house.gov,313 Cannon House Office Building Washington DC 20515-3303,202-225-3415,
Mfume,Kweisi,,,Kweisi Mfume,1948-10-24,rep,MD,Democrat,https://mfume.house.gov,2263 Rayburn House Office Building Washington DC 20515-2007,202-225-4741,
Tiffany,Thomas,P.,,Thomas P. Tiffany,1957-12-30,rep,WI,Republican,https://tiffany.house.gov,1719 Longworth House Office Building Washington DC 20515-4907,202-225-3365,
Garcia,Mike,,,Mike Garcia,1976-04-24,rep,CA,Republican,https://mikegarcia.house.gov,1535 Longworth House Office Building Washington DC 20515-0525,202-225-1956,
Jacobs,Chris,,,Chris Jacobs,1966-11-28,rep,NY,Republican,https://jacobs.house.gov,214 Cannon House Office Building Washington DC 20515-3227,202-225-5265,
Kelly,Mark,,,Mark Kelly,1964-02-21,sen,AZ,Democrat,https://www.kelly.senate.gov,B40B Dirksen Senate Office Building Washington DC 20510,202-224-2235,https://www.kelly.senate.gov
Lummis,Cynthia,M.,,Cynthia M. Lummis,1954-09-10,sen,WY,Republican,https://www.lummis.senate.gov,G12 Dirksen Senate Office Building Washington DC 20510,202-224-3424,https://www.lummis.senate.gov
Issa,Darrell,E.,,Darrell Issa,1953-11-01,rep,CA,Republican,https://issa.house.gov,2300 Rayburn House Office Building Washington DC 20515-0550,202-225-5672,
Sessions,Pete,A.,,Pete Sessions,1955-03-22,rep,TX,Republican,https://sessions.house.gov,2204 Rayburn House Office Building Washington DC 20515-4317,202-225-6105,
Valadao,David,G.,,David G. Valadao,1977-04-14,rep,CA,Republican,https://valadao.house.gov,1728 Longworth House Office Building Washington DC 20515-0521,202-225-4695,
Tuberville,Tommy,Hawley,,Tommy Tuberville,1954-09-18,sen,AL,Republican,https://www.tuberville.senate.gov,B40A Dirksen Senate Office Building Washington DC 20510,202-224-4124,https://www.tuberville.senate.gov
Hickenlooper,John,Wright,,John W. Hickenlooper,1952-02-07,sen,CO,Democrat,https://www.hickenlooper.senate.gov,B85 Russell Senate Office Building Washington DC 20510,202-224-5941,https://www.hickenlooper.senate.gov
Hagerty,Bill,Francis,,Bill Hagerty,1959-08-14,sen,TN,Republican,https://www.hagerty.senate.gov,B11 Russell Senate Office Building Washington DC 20510,202-224-4944,https://www.hagerty.senate.gov
Carl,Jerry,Lee,,Jerry L. Carl,1958-06-17,rep,AL,Republican,https://carl.house.gov,1330 Longworth House Office Building Washington DC 20515-0101,202-225-4931,
Moore,Barry,,,Barry Moore,1966-09-26,rep,AL,Republican,https://barrymoore.house.gov,1504 Longworth House Office Building Washington DC 20515-0102,202-225-2901,
Obernolte,Jay,Phillip,,Jay Obernolte,1970-08-18,rep,CA,Republican,https://obernolte.house.gov,1029 Longworth House Office Building Washington DC 20515-0508,202-225-5861,
Kim,Young,Oak,,Young Kim,1962-10-18,rep,CA,Republican,https://youngkim.house.gov,1306 Longworth House Office Building Washington DC 20515-0539,202-225-4111,
Steel,Michelle,Eunjoo,,Michelle Steel,1955-06-21,rep,CA,Republican,https://steel.house.gov,1113 Longworth House Office Building Washington DC 20515-0548,202-225-2415,
Jacobs,Sara,,,Sara Jacobs,1989-02-01,rep,CA,Democrat,https://sarajacobs.house.gov,1232 Longworth House Office Building Washington DC 20515-0553,202-225-2040,
Boebert,Lauren,Opal,,Lauren Boebert,1986-12-15,rep,CO,Republican,https://boebert.house.gov,1609 Longworth House Office Building Washington DC 20515-0603,202-225-4761,
Cammack,Katherine,,Kat,Kat Cammack,1988-02-16,rep,FL,Republican,https://cammack.house.gov,1626 Longworth House Office Building Washington DC 20515-0903,202-225-5744,
Franklin,C.,Scott,,C. Scott Franklin,1964-08-23,rep,FL,Republican,https://franklin.house.gov,1517 Longworth House Office Building Washington DC 20515-0915,202-225-1252,
Donalds,Byron,Lowell,,Byron Donalds,1978-10-28,rep,FL,Republican,https://donalds.house.gov,523 Cannon House Office Building Washington DC 20515-0919,202-225-2536,
Gimenez,Carlos,A.,,Carlos A. Gimenez,1954-01-17,rep,FL,Republican,https://gimenez.house.gov,419 Cannon House Office Building Washington DC 20515-0926,202-225-2778,
Salazar,Maria,Elvira,,Maria Elvira Salazar,1961-11-01,rep,FL,Republican,https://salazar.house.gov,1616 Longworth House Office Building Washington DC 20515-0927,202-225-3931,
Williams,Nikema,Natassha,,Nikema Williams,1978-07-30,rep,GA,Democrat,https://nikemawilliams.house.gov,1406 Longworth House Office Building Washington DC 20515-1005,202-225-3801,
Bourdeaux,Carolyn,,,Carolyn Bourdeaux,1970-06-03,rep,GA,Democrat,https://bourdeaux.house.gov,1319 Longworth House Office Building Washington DC 20515-1007,202-225-4272,
Clyde,Andrew,S.,,Andrew S. Clyde,1963-11-22,rep,GA,Republican,https://clyde.house.gov,521 Cannon House Office Building Washington DC 20515-1009,202-225-9893,
Greene,Marjorie,Taylor,,Marjorie Taylor Greene,1974-05-27,rep,GA,Republican,https://greene.house.gov,1023 Longworth House Office Building Washington DC 20515-1014,202-225-5211,
Kahele,Kaialiʻi,,,Kaiali’i Kahele,1974-03-28,rep,HI,Democrat,https://kahele.house.gov,1205 Longworth House Office Building Washington DC 20515-1102,202-225-4906,
Hinson,Ashley,,,Ashley Hinson,1983-06-27,rep,IA,Republican,https://hinson.house.gov,1429 Longworth House Office Building Washington DC 20515-1501,202-225-2911,
Miller-Meeks,Mariannette,Jane,,Mariannette Miller-Meeks,1955-09-06,rep,IA,Republican,https://millermeeks.house.gov,1716 Longworth House Office Building Washington DC 20515-1502,202-225-6576,
Feenstra,Randy,L.,,Randy Feenstra,1969-01-14,rep,IA,Republican,https://feenstra.house.gov,1440 Longworth House Office Building Washington DC 20515-1504,202-225-4426,
Newman,Marie,,,Marie Newman,1964-04-13,rep,IL,Democrat,https://newman.house.gov,1022 Longworth House Office Building Washington DC 20515-1303,202-225-5701,
Miller,Mary,E.,,Mary E. Miller,1959-08-27,rep,IL,Republican,https://marymiller.house.gov,1529 Longworth House Office Building Washington DC 20515-1315,202-225-5271,
Mrvan,Frank,John,,Frank J. Mrvan,1969-04-16,rep,IN,Democrat,https://mrvan.house.gov,1607 Longworth House Office Building Washington DC 20515-1401,202-225-2461,
Spartz,Victoria,,,Victoria Spartz,1978-10-06,rep,IN,Republican,https://spartz.house.gov,1523 Longworth House Office Building Washington DC 20515-1405,202-225-2276,
Mann,Tracey,Robert,,Tracey Mann,1976-12-17,rep,KS,Republican,https://mann.house.gov,522 Cannon House Office Building Washington DC 20515-1601,202-225-2715,
LaTurner,Jacob,,Jake,Jake LaTurner,1988-02-17,rep,KS,Republican,https://laturner.house.gov,1630 Longworth House Office Building Washington DC 20515-1602,202-225-6601,
Auchincloss,Jake,Daniel,,Jake Auchincloss,1988-01-29,rep,MA,Democrat,https://auchincloss.house.gov,1524 Longworth House Office Building Washington DC 20515-2104,202-225-5931,
Meijer,Peter,James,,Peter Meijer,1988-01-10,rep,MI,Republican,https://meijer.house.gov,1508 Longworth House Office Building Washington DC 20515-2203,202-225-3831,
McClain,Lisa,C.,,Lisa C. McClain,1966-04-07,rep,MI,Republican,https://mcclain.house.gov,218 Cannon House Office Building Washington DC 20515-2210,202-225-2106,
Fischbach,Michelle,Louise Helene,,Michelle Fischbach,1965-11-03,rep,MN,Republican,https://fischbach.house.gov,1237 Longworth House Office Building Washington DC 20515-2307,202-225-2165,
Bush,Cori,,,Cori Bush,1976-07-21,rep,MO,Democrat,https://bush.house.gov,1016 Longworth House Office Building Washington DC 20515-2501,202-225-2406,
Rosendale,Matthew,Martin,,Matthew M. Rosendale,1960-07-07,rep,MT,Republican,https://rosendale.house.gov,1037 Longworth House Office Building Washington DC 20515-2600,202-225-3211,
Ross,Deborah,Koff,,Deborah K. Ross,1963-06-20,rep,NC,Democrat,https://ross.house.gov,1208 Longworth House Office Building Washington DC 20515-3302,202-225-3032,
Manning,Kathy,Ellen,,Kathy E. Manning,1956-12-03,rep,NC,Democrat,https://manning.house.gov,415 Cannon House Office Building Washington DC 20515-3306,202-225-3065,
Cawthorn,David,,Madison,Madison Cawthorn,1995-08-01,rep,NC,Republican,https://cawthorn.house.gov,102 Cannon House Office Building Washington DC 20515-3311,202-225-6401,
Herrell,Yvette,,,Yvette Herrell,1964-03-16,rep,NM,Republican,https://herrell.house.gov,1305 Longworth House Office Building Washington DC 20515-3102,202-225-2365,
Leger Fernandez,Teresa,,,Teresa Leger Fernandez,1959-07-01,rep,NM,Democrat,https://fernandez.house.gov,1432 Longworth House Office Building Washington DC 20515-3103,202-225-6190,
Garbarino,Andrew,R.,,Andrew R. Garbarino,1984-09-27,rep,NY,Republican,https://garbarino.house.gov,1516 Longworth House Office Building Washington DC 20515-3202,202-225-7896,
Malliotakis,Nicole,,,Nicole Malliotakis,1980-11-11,rep,NY,Republican,https://malliotakis.house.gov,417 Cannon House Office Building Washington DC 20515-3211,202-225-3371,
Torres,Ritchie,John,,Ritchie Torres,1988-03-12,rep,NY,Democrat,https://ritchietorres.house.gov,317 Cannon House Office Building Washington DC 20515-3215,202-225-4361,
Bowman,Jamaal,,,Jamaal Bowman,1976-04-01,rep,NY,Democrat,https://bowman.house.gov,1605 Longworth House Office Building Washington DC 20515-3216,202-225-2464,
Jones,Mondaire,,,Mondaire Jones,1987-05-18,rep,NY,Democrat,https://jones.house.gov,1017 Longworth House Office Building Washington DC 20515-3217,202-225-6506,
Bice,Stephanie,I.,,Stephanie I. Bice,1973-11-11,rep,OK,Republican,https://bice.house.gov,1223 Longworth House Office Building Washington DC 20515-3605,202-225-2132,
Bentz,Cliff,Stewart,,Cliff Bentz,1952-01-12,rep,OR,Republican,https://bentz.house.gov,1239 Longworth House Office Building Washington DC 20515-3702,202-225-6730,
Mace,Nancy,Ruth,,Nancy Mace,1977-12-04,rep,SC,Republican,https://mace.house.gov,212 Cannon House Office Building Washington DC 20515-4001,202-225-3176,
Harshbarger,Diana,,,Diana Harshbarger,1960-01-01,rep,TN,Republican,https://harshbarger.house.gov,167 Cannon House Office Building Washington DC 20515-4201,202-225-6356,
Fallon,Patrick,Edward,Pat,Pat Fallon,1967-12-19,rep,TX,Republican,https://fallon.house.gov,1118 Longworth House Office Building Washington DC 20515-4304,202-225-6673,
Pfluger,August,Lee,,August Pfluger,1978-12-28,rep,TX,Republican,https://pfluger.house.gov,1531 Longworth House Office Building Washington DC 20515-4311,202-225-3605,
Jackson,Ronny,Lynn,,Ronny Jackson,1967-05-04,rep,TX,Republican,https://jackson.house.gov,118 Cannon House Office Building Washington DC 20515-4313,202-225-3706,
Nehls,Troy,E.,,Troy E. Nehls,1968-04-07,rep,TX,Republican,https://nehls.house.gov,1104 Longworth House Office Building Washington DC 20515-4322,202-225-5951,
Gonzales,Ernest,Anthony,Tony,Tony Gonzales,1980-10-10,rep,TX,Republican,https://gonzales.house.gov,1009 Longworth House Office Building Washington DC 20515-4323,202-225-4511,
Van Duyne,Beth,Ann,,Beth Van Duyne,1970-11-16,rep,TX,Republican,https://vanduyne.house.gov,1337 Longworth House Office Building Washington DC 20515-4324,202-225-6605,
Moore,Blake,David,,Blake D. Moore,1980-06-22,rep,UT,Republican,https://blakemoore.house.gov,1320 Longworth House Office Building Washington DC 20515-4401,202-225-0453,
Owens,Clarence,,Burgess,Burgess Owens,1951-08-02,rep,UT,Republican,https://owens.house.gov,1039 Longworth House Office Building Washington DC 20515-4404,202-225-3011,
Good,Robert,G.,Bob,Bob Good,1965-09-11,rep,VA,Republican,https://good.house.gov,1213 Longworth House Office Building Washington DC 20515-4605,202-225-4711,
Strickland,Marilyn,,,Marilyn Strickland,1962-09-25,rep,WA,Democrat,https://strickland.house.gov,1004 Longworth House Office Building Washington DC 20515-4710,202-225-9740,
Fitzgerald,Scott,L.,,Scott Fitzgerald,1963-11-16,rep,WI,Republican,https://fitzgerald.house.gov,1507 Longworth House Office Building Washington DC 20515-4905,202-225-5101,
Padilla,Alejandro,,Alex,Alex Padilla,1973-03-22,sen,CA,Democrat,,B03 Russell Senate Office Building Washington DC 20510,202-224-3553,
Ossoff,Jon,,,Jon Ossoff,1987-02-16,sen,GA,Democrat,,825 B&C Hart Senate Office Building Washington DC 20510,202-224-3521,
Warnock,Raphael,Gamaliel,,Raphael G. Warnock,1969-07-23,sen,GA,Democrat,,B40D Dirksen Senate Office Building Washington DC 20510,202-224-3643,
